count,id,
858,blacknon_,
691,ryuichiueda,
302,grethlen,
242,eban,
180,quon_rst,
167,shishimy,
149,nullpopopo,
149,knrotze,
135,kazuki_199778,
122,theoldmoon0602,
111,YToriyama,
108,xztaityozx_001,
107,kunst1080,
104,jiro_saburomaru,
102,nogiro_iota,
73,kotatsugame_t,
67,midokokemaru,
66,obknt,
65,duck_yasuhiroki,
59,kanata201612,
57,t_motooka,
53,gin_135,
48,mutz0623,
48,Carol_815,
47,toby_net,
45,yami_buta,
42,3socha,
40,uluvtu,
40,papiron,
40,obknnt,
39,hamukichi_nbr,
38,nros_utq,
37,robokinoko,
36,Yushima_Chiji,
35,horagainantou,
34,theoremoon,
34,amanoese,
33,takion0,
32,_Clay____,
31,kuruppo_poppo_,
30,nirot1r,
29,Bikenekosuke,
27,rsk0315_h4x,
27,butackle66,
26,hako_bey,
25,sagatmay,
25,M_1KU,
25,JujujuMr,
25,ega_wave,
24,zeriyoshi,
24,sin_clav,
24,seopon,
24,minyoruminyon,
24,Logi024tec,
24,aosa4054,
23,neunetneucom,
23,beet_aizu,
22,msr386,
20,palomax69,
19,tacmasi,
19,Iruyan_Zak,
19,hookunnn,
18,mikankari,
17,teckl,
17,2ndLesmi,
16,Rabdology,
16,gori_sh,
16,cantabile_hisa,
15,shironuriebcdic,
15,rabdology,
15,Nmki_98,
14,_unstabler,
14,rei_ktrg,
14,Kent_aur,
14,hisaharu,
14,betats,
13,white_jack07,
13,Ore_Not_0zone,
12,systemctl_ryoto,
12,miyagaw61,
12,MasWag,
12,515hikaru,
11,tmyk_kym,
11,Tkon_sec,
11,sachin21__,
11,kubor_,
11,flying_hato_bus,
10,yosi2112,
10,wakuwinmail_C,
10,soralis_nem,
10,s_mitu,
10,mikkun_jp,
10,kznr_luk,
10,KoharaKazuya,
10,kagorenya,
10,ei1333,
10,coord_e,
9,y_kato222,
9,teruteru128,
9,t2saras,
9,SHYO,
9,mika_san123,
9,mazotive,
9,crazyhacks68k,
9,akira39,
9,AkihisaYoshii4,
8,Takas_SO,
8,nezumi_tech,
8,newfolderror,
8,myskng,
8,koala0024,
8,kenya31z,
8,ItinoseVM,
8,homesentinel214,
8,flip_flop_555,
7,_ymdtr_,
7,wcg_nippou,
7,uchitake_rcj,
7,shunonymous,
7,prprhyt,
7,nonsako,
7,n4kdoe,
7,_N4H4,
7,mlrlnc,
7,knjname,
6,venom_d_3,
6,taro_htn39,
6,p1o1c1k1y1,
6,ot2sy39,
6,onoonokatio,
6,nkhrlab,
6,Mikanixonable,
6,marunomi_,
6,4a9gn_int,
6,21Sukai2013,
5,YGHTssk,
5,wakamesoba98,
5,uedarobotics,
5,takanojyou,
5,simularion,
5,satoh_fumiyasu,
5,Re_Null_1984,
5,nullsnet,
5,nor_isio,
5,mkan_0141,
5,mikuta0407,
5,kochanto,
5,itikyu_,
5,hisa0211,
5,DINER_PREIADES,
5,designpatterngf,
5,Cj_bc_sd,
5,blackenedgold,
5,akanehara,
4,yoichi22,
4,__yk16__,
4,wataken44,
4,Th_vinmei,
4,teslamint,
4,TEITOKU_n,
4,tea63,
4,ryutokimura,
4,prince__0203,
4,nozomi_1773,
4,kk16p586,
4,kanna_1go,
4,kamataryo_,
4,kaiba,
4,i_luv_kneesox,
4,Hukanzen2,
4,gangan_tekoki,
4,drib__,
4,clossflag,
4,ant2357,
4,andNaFFF,
4,all_for_kobato,
4,20om3,
3,zaltoprofen,
3,yanorei32,
3,toshi0383,
3,tomoya_shibata,
3,this_zero3,
3,razokulover,
3,range_v3,
3,Rakan_2525,
3,prohibitrum108,
3,p1o1c1k1y,
3,osakaeco,
3,OJI_1941,
3,MITLicense,
3,MaripoGoda,
3,la_float,
3,Krgm4D,
3,jellyfish_26,
3,import_bakery,
3,hotta,
3,hiyoko_taisa,
3,Hexomino,
3,hchbaw,
3,freddi_kit,
3,axjack_,
3,Alfort728,
2,zelphilid,
2,yt8492,
2,yomogi_HYP,
2,yo_kanyukari,
2,wassan128,
2,VisualStudio,
2,ttaniguti,
2,tinykitten8,
2,tearaikazuki_i,
2,tar701,
2,takenoya_,
2,ta2gch,
2,siromath,
2,shiso_aji,
2,shift_crops,
2,R_Grey_Phantasm,
2,RBU6000,
2,rabdoslogos,
2,paschen00,
2,NULL1919810,
2,nsmr0604,
2,noririso_hosk,
2,norezark,
2,mznh,
2,mozuku169,
2,Morojenium,
2,mochi_0xFF,
2,mkane_1000,
2,miyata080825,
2,mikankari_test1,
2,mdo69,
2,luoSetiguA,
2,kyodaisuu,
2,kumakuma_32,
2,kiridaruma,
2,kim_upsilon,
2,keikoka,
2,kaspar_lueder,
2,joeokubo,
2,homesentinel_,
2,gogophilips,
2,Fpga18Gansn1230,
2,deconstructor61,
2,dainivolunteer,
2,cheese_rulez,
2,blu3mo,
2,battlegirl_mmd,
2,alphasave1,
2,7milch,
1,yutarommx,
1,yuch4n_,
1,Yana_023_,
1,wraikny_,
1,_____unko______,
1,__ukun,
1,uedalaboratory,
1,transcode001,
1,tomoyat1,
1,toda_sundai,
1,_tinoji,
1,Tescostum,
1,tceoo1,
1,task4233,
1,takuma_koba,
1,takosan_winter,
1,taka_hvc1,
1,sys9kdr,
1,stepney141,
1,ss1ua2zt1us3uki,
1,Sp4cG00dR1ch,
1,silverscat_3,
1,shirasayav5,
1,_serinuntius,
1,science507,
1,samasama76,
1,sakiko_chan,
1,_ryutok,
1,ryujisnote,
1,psy_tomosuke,
1,Petit_Etang,
1,o_suitashi_bot,
1,oninameko,
1,okayunonaha,
1,o__g_,
1,nuko274,
1,nekosamurai411,
1,nbit0125,
1,natsu_Coooool,
1,nasustim,
1,namusanch,
1,mszk0120,
1,morion1500,
1,Moho_Nisizumi,
1,MogamiTsuchikaw,
1,mkoizumi9,
1,Mikunyan_346,
1,masyo_ruri,
1,masateruk,
1,malts_0414,
1,Loyuka_nua2,
1,lIIlIllIIllIlII,
1,lawliteqed,
1,kppprii14,
1,kottn_jp,
1,kjfsm4,
1,kirabos92,
1,KIM_TPDN,
1,kilocaloriep,
1,kicalp,
1,keijinozaki,
1,kazuhikoh_,
1,kaiakiy,
1,Iruyan_ZAK,
1,ihcamonoihS,
1,HK_Shuttle,
1,hichon,
1,henkoudekimasu,
1,hamashin2602,
1,haijin_panayo,
1,GravityPresence,
1,gotutiyan_kapi,
1,gomazarashie,
1,gaeulbyul,
1,fudafoota,
1,Ftmc_,
1,faebomb,
1,everydaymatcha,
1,doramanjyu,
1,donaldtorvalds,
1,crolera,
1,conao_3,
1,com_gunzi,
1,clomsync,
1,chmod_x_akasit,
1,ChameleonO2,
1,bitJohnta,
1,ban_gen,
1,aximov3,
1,atomosphere,
1,anmitsu_553,
1,amanao_,
1,661nosyamuzuki,
1,29837381a,
1,06Natsunatsuki,
