count,https://twitter.com/id,
2718,https://twitter.com/jiro_saburomaru,
2240,https://twitter.com/ryuichiueda,
1662,https://twitter.com/blacknon_,
1553,https://twitter.com/yami_buta,
1238,https://twitter.com/qwertanus,
673,https://twitter.com/QiToYtkg,
563,https://twitter.com/grethlen,
343,https://twitter.com/eban,
342,https://twitter.com/shishimy,
332,https://twitter.com/ytkmns,
328,https://twitter.com/kino___ma,
296,https://twitter.com/egpl0,
275,https://twitter.com/kazuki_199778,
258,https://twitter.com/xztaityozx_001,
256,https://twitter.com/CareleSmith9,
255,https://twitter.com/nogiro_iota,
237,https://twitter.com/cheese_rulez,
235,https://twitter.com/SR24TozukaAngyo,
233,https://twitter.com/fall_murasaki,
226,https://twitter.com/kuruppo_poppo_,
211,https://twitter.com/YToriyama,
191,https://twitter.com/nullpopopo,
187,https://twitter.com/knrotze,
181,https://twitter.com/teruteru128,
180,https://twitter.com/quon_rst,
157,https://twitter.com/math_nobase,
145,https://twitter.com/yukito_2828,
140,https://twitter.com/3socha,
132,https://twitter.com/theoldmoon0602,
131,https://twitter.com/kunst1080,
127,https://twitter.com/amanoese,
123,https://twitter.com/obknt,
119,https://twitter.com/kanata201612,
117,https://twitter.com/papiron,
105,https://twitter.com/stepney141,
104,https://twitter.com/_toku_san,
95,https://twitter.com/theoremoon,
94,https://twitter.com/duck_yasuhiroki,
93,https://twitter.com/fujifog,
92,https://twitter.com/tacmasi,
92,https://twitter.com/sesameoil_pro,
91,https://twitter.com/venom_d_3,
90,https://twitter.com/ooishi_dog,
85,https://twitter.com/P5mEm,
84,https://twitter.com/midokokemaru,
81,https://twitter.com/yasu1988taka,
79,https://twitter.com/kotatsugame_t,
77,https://twitter.com/hako_bey,
76,https://twitter.com/t2saras,
74,https://twitter.com/t_motooka,
74,https://twitter.com/neunetneucom,
71,https://twitter.com/hamukichi_nbr,
71,https://twitter.com/binununn,
69,https://twitter.com/ega_wave,
68,https://twitter.com/M_4_N_D,
68,https://twitter.com/dkrqr,
67,https://twitter.com/mutz0623,
67,https://twitter.com/kotone_nyt,
67,https://twitter.com/Carol_815,
65,https://twitter.com/1inguini,
63,https://twitter.com/tTDeforestation,
61,https://twitter.com/Ag4O4,
60,https://twitter.com/8P2aZMskK2FdUbF,
59,https://twitter.com/toby_net,
59,https://twitter.com/JujujuMr,
57,https://twitter.com/systemctl_ryoto,
57,https://twitter.com/SR23Araijuku,
53,https://twitter.com/wataken44,
53,https://twitter.com/uluvtu,
53,https://twitter.com/gin_135,
53,https://twitter.com/025pkcu,
52,https://twitter.com/Bikenekosuke,
51,https://twitter.com/takion0,
49,https://twitter.com/71aa55,
48,https://twitter.com/36kyo,
47,https://twitter.com/minyoruminyon,
47,https://twitter.com/mazotive,
46,https://twitter.com/moko2356789,
46,https://twitter.com/M_1KU,
46,https://twitter.com/kya_ski,
46,https://twitter.com/butackle66,
45,https://twitter.com/nnn1590,
45,https://twitter.com/kKanai_,
43,https://twitter.com/rabdology,
43,https://twitter.com/koala0024,
43,https://twitter.com/4ourzer0ei8ht,
42,https://twitter.com/egpl0_sh_2,
41,https://twitter.com/satoh_fumiyasu,
40,https://twitter.com/obknnt,
40,https://twitter.com/hiro_poke91,
38,https://twitter.com/sagatmay,
38,https://twitter.com/QmanEnobikto,
38,https://twitter.com/nros_utq,
38,https://twitter.com/HK_Shuttle,
38,https://twitter.com/air_murasaki,
38,https://twitter.com/0mrg,
37,https://twitter.com/robokinoko,
37,https://twitter.com/nonsako,
37,https://twitter.com/Mikanixonable,
37,https://twitter.com/man_2_fork,
37,https://twitter.com/horagainantou,
36,https://twitter.com/Yushima_Chiji,
34,https://twitter.com/rsk0315_h4x,
34,https://twitter.com/Nmki_98,
34,https://twitter.com/b4xi_,
33,https://twitter.com/SEGA_OFFlCIAL,
32,https://twitter.com/_Clay____,
31,https://twitter.com/kurobee0317,
31,https://twitter.com/figyuuuuuu,
31,https://twitter.com/DINER_PREIADES,
30,https://twitter.com/yamaya,
30,https://twitter.com/quon_rst_,
30,https://twitter.com/palomax69,
30,https://twitter.com/nirot1r,
30,https://twitter.com/AquaVitaeToU,
29,https://twitter.com/sfy00,
29,https://twitter.com/seopon,
29,https://twitter.com/Ore_Not_0zone,
29,https://twitter.com/jj1lfc,
29,https://twitter.com/gorilla_5756,
29,https://twitter.com/flying_hato_bus,
28,https://twitter.com/yuru_neji,
27,https://twitter.com/msr386,
27,https://twitter.com/ihcamonoihS,
27,https://twitter.com/beeee_ambitious,
27,https://twitter.com/16tons_,
26,https://twitter.com/s_mitu,
26,https://twitter.com/izumi_reon,
26,https://twitter.com/iteccchuu,
25,https://twitter.com/zeriyoshi,
25,https://twitter.com/what_ashi,
25,https://twitter.com/_uts2,
25,https://twitter.com/rabdoslogos,
25,https://twitter.com/aosa4054,
24,https://twitter.com/sin_clav,
24,https://twitter.com/quon_sh,
24,https://twitter.com/Logi024tec,
24,https://twitter.com/ikawaha,
24,https://twitter.com/cstl_fy,
23,https://twitter.com/uec_hige,
23,https://twitter.com/shironuriebcdic,
23,https://twitter.com/sh1mc,
23,https://twitter.com/beet_aizu,
23,https://twitter.com/Asunarowasabi_U,
22,https://twitter.com/namnium_01,
22,https://twitter.com/mikkun_jp,
22,https://twitter.com/miinyan2828,
22,https://twitter.com/kariya_mitsuru,
21,https://twitter.com/tallestorange,
21,https://twitter.com/ribn_il,
21,https://twitter.com/prprhyt,
21,https://twitter.com/kznr_luk,
21,https://twitter.com/kuroma_ele,
21,https://twitter.com/kakerigawa,
21,https://twitter.com/hisaharu,
21,https://twitter.com/flow_6852,
21,https://twitter.com/celeronist,
20,https://twitter.com/_unstabler,
20,https://twitter.com/takano32,
20,https://twitter.com/julialangisthe,
20,https://twitter.com/akira39,
19,https://twitter.com/shuhannn,
19,https://twitter.com/Iruyan_Zak,
19,https://twitter.com/Hukanzen2,
19,https://twitter.com/hookunnn,
19,https://twitter.com/himeroco_HYP,
19,https://twitter.com/515hikaru,
18,https://twitter.com/Ygym_ken,
18,https://twitter.com/straydrop411,
18,https://twitter.com/stmtk_yu,
18,https://twitter.com/rs_pferd,
18,https://twitter.com/rei_ktrg,
18,https://twitter.com/mikankari,
18,https://twitter.com/kemomimilike,
18,https://twitter.com/eniehack,
18,https://twitter.com/cantabile_hisa,
18,https://twitter.com/asumu12345,
18,https://twitter.com/2oo5mc,
17,https://twitter.com/yosi2112,
17,https://twitter.com/yahoobb_th,
17,https://twitter.com/teckl,
17,https://twitter.com/taneyats,
17,https://twitter.com/TakumaNitori,
17,https://twitter.com/sige_yang,
17,https://twitter.com/realUdenIrphus,
17,https://twitter.com/PekinRice_qlgps,
17,https://twitter.com/Nolurn_Nantoka,
17,https://twitter.com/Marble_Makeup,
17,https://twitter.com/idonct,
17,https://twitter.com/blessingyuki,
17,https://twitter.com/2ndLesmi,
16,https://twitter.com/Rabdology,
16,https://twitter.com/pdf_zangiri,
16,https://twitter.com/leno3s,
16,https://twitter.com/kakaka082,
16,https://twitter.com/hogemochi,
16,https://twitter.com/gori_sh,
16,https://twitter.com/gepetan,
16,https://twitter.com/betats,
16,https://twitter.com/Anubis_369,
15,https://twitter.com/tessy_0901,
15,https://twitter.com/shirry0129,
15,https://twitter.com/ProkumaH,
15,https://twitter.com/mkan_0141,
15,https://twitter.com/ku2m1,
15,https://twitter.com/kamiya_1101,
15,https://twitter.com/jg_im,
15,https://twitter.com/fudafoota,
15,https://twitter.com/0x35h4ck,
14,https://twitter.com/pumpkin031,
14,https://twitter.com/oribe_kakaka,
14,https://twitter.com/KoharaKazuya,
14,https://twitter.com/Kent_aur,
14,https://twitter.com/crazyhacks68k,
14,https://twitter.com/0x71_0x65_0x74,
13,https://twitter.com/_ymdtr_,
13,https://twitter.com/white_jack07,
13,https://twitter.com/VAL_Hyena777,
13,https://twitter.com/tanipen_3163,
13,https://twitter.com/takenoya_,
13,https://twitter.com/Tacet_Pfcomp,
13,https://twitter.com/ouhare,
13,https://twitter.com/merlmerl,
13,https://twitter.com/MasWag,
13,https://twitter.com/koimenokoi,
13,https://twitter.com/ItinoseVM,
13,https://twitter.com/C_herec,
12,https://twitter.com/ton__3,
12,https://twitter.com/Tkon_sec,
12,https://twitter.com/_this_bot_dev,
12,https://twitter.com/Sarsha_Rhuthy,
12,https://twitter.com/Petit_Etang,
12,https://twitter.com/newfolderror,
12,https://twitter.com/n4kdoe,
12,https://twitter.com/miyagaw61,
12,https://twitter.com/matsugae_tmyk,
12,https://twitter.com/Ellensuko_3I,
12,https://twitter.com/Amber097,
11,https://twitter.com/y_kato222,
11,https://twitter.com/tmyk_kym,
11,https://twitter.com/sachin21__,
11,https://twitter.com/rana_intro,
11,https://twitter.com/mika_san123,
11,https://twitter.com/massa_snake,
11,https://twitter.com/_lem0n_,
11,https://twitter.com/kucchy_26,
11,https://twitter.com/kubor_,
11,https://twitter.com/Checoole,
10,https://twitter.com/wcg_nippou,
10,https://twitter.com/wakuwinmail_C,
10,https://twitter.com/uchitake_rcj,
10,https://twitter.com/tonets,
10,https://twitter.com/SR25HigashiKwgc,
10,https://twitter.com/soralis_nem,
10,https://twitter.com/sizumita,
10,https://twitter.com/seachicken_fun,
10,https://twitter.com/SAO57is_prime,
10,https://twitter.com/nadekuc,
10,https://twitter.com/kisaragiwid,
10,https://twitter.com/kagorenya,
10,https://twitter.com/ijh0,
10,https://twitter.com/hagyu_aya,
10,https://twitter.com/ei1333,
10,https://twitter.com/coord_e,
10,https://twitter.com/bokuatamaiiyo,
10,https://twitter.com/ATH_ray_,
10,https://twitter.com/2ndseason1,
10,https://twitter.com/21Sukai2013,
9,https://twitter.com/YU_KI_0505,
9,https://twitter.com/v0p0y,
9,https://twitter.com/taka_hvc1,
9,https://twitter.com/Surfin3000GTRs,
9,https://twitter.com/sksat_tty,
9,https://twitter.com/sickleaf3,
9,https://twitter.com/SHYO,
9,https://twitter.com/science507,
9,https://twitter.com/renchild8,
9,https://twitter.com/opfer_10155,
9,https://twitter.com/OJI_1941,
9,https://twitter.com/nsmr0604,
9,https://twitter.com/nezumi_tech,
9,https://twitter.com/macky_yukikaze,
9,https://twitter.com/kokuyokugetter,
9,https://twitter.com/knjname,
9,https://twitter.com/kenya31z,
9,https://twitter.com/kaiba,
9,https://twitter.com/iroha_nano145,
9,https://twitter.com/ido_kara_deru,
9,https://twitter.com/HisoNWP,
9,https://twitter.com/hisa0211,
9,https://twitter.com/happa_eight,
9,https://twitter.com/flip_flop_555,
9,https://twitter.com/Cj_bc_sd,
9,https://twitter.com/ban_gen,
9,https://twitter.com/__Bactpus__,
9,https://twitter.com/Aster_Tatarix,
9,https://twitter.com/ant2357,
9,https://twitter.com/AkihisaYoshii4,
9,https://twitter.com/0uts1de_b,
8,https://twitter.com/yamad_linuxer,
8,https://twitter.com/wint7,
8,https://twitter.com/uraoz,
8,https://twitter.com/tokoro10g,
8,https://twitter.com/to6okegao,
8,https://twitter.com/this_zero3,
8,https://twitter.com/task4233,
8,https://twitter.com/Takas_SO,
8,https://twitter.com/__RIRO__,
8,https://twitter.com/programmer_shun,
8,https://twitter.com/osashimi43,
8,https://twitter.com/nullsnet,
8,https://twitter.com/NULL1919810,
8,https://twitter.com/_N4H4,
8,https://twitter.com/mznh,
8,https://twitter.com/myskng,
8,https://twitter.com/mikoto_dev,
8,https://twitter.com/I_am_Kanai,
8,https://twitter.com/homesentinel214,
8,https://twitter.com/furikake555,
8,https://twitter.com/Chromaryu,
8,https://twitter.com/atom_HeV,
8,https://twitter.com/7188162,
8,https://twitter.com/57tggx,
8,https://twitter.com/_1_k,
8,https://twitter.com/0plusman,
8,https://twitter.com/_0028,
7,https://twitter.com/yuking0505,
7,https://twitter.com/yt8492,
7,https://twitter.com/yryrrrrryryr,
7,https://twitter.com/yoichi22,
7,https://twitter.com/yamada_toru1980,
7,https://twitter.com/uedarobotics,
7,https://twitter.com/tyorome_Next_X,
7,https://twitter.com/TTD_Dede,
7,https://twitter.com/Tescostum,
7,https://twitter.com/Tech_Kazu,
7,https://twitter.com/taro_htn39,
7,https://twitter.com/Sylvie_0207,
7,https://twitter.com/simularion,
7,https://twitter.com/shunonymous,
7,https://twitter.com/severrabaen,
7,https://twitter.com/rst_quon,
7,https://twitter.com/pigman3141,
7,https://twitter.com/nkhrlab,
7,https://twitter.com/nashi2603,
7,https://twitter.com/mogisuke0301,
7,https://twitter.com/mlrlnc,
7,https://twitter.com/mkuriki_,
7,https://twitter.com/mdo69,
7,https://twitter.com/mayuutann,
7,https://twitter.com/marunomi_,
7,https://twitter.com/lfouWlynhoily,
7,https://twitter.com/kk16p586,
7,https://twitter.com/kiridaruma,
7,https://twitter.com/__kemu__19,
7,https://twitter.com/kazu220_ps,
7,https://twitter.com/honeycom_b_,
7,https://twitter.com/hiyoctrl,
7,https://twitter.com/hfh3oa,
7,https://twitter.com/fuvo_kure,
7,https://twitter.com/estis__,
7,https://twitter.com/ei1821,
7,https://twitter.com/dainivolunteer,
7,https://twitter.com/blackenedgold,
7,https://twitter.com/a_one_of_fan,
7,https://twitter.com/_5h787575,
6,https://twitter.com/yuch4n_,
6,https://twitter.com/WhiteHelvetica,
6,https://twitter.com/wakamesoba98,
6,https://twitter.com/tomo1560_,
6,https://twitter.com/tmk815,
6,https://twitter.com/take_ITF,
6,https://twitter.com/p1o1c1k1y1,
6,https://twitter.com/ot2sy39,
6,https://twitter.com/onoonokatio,
6,https://twitter.com/nanigasi_3,
6,https://twitter.com/mikuta0407,
6,https://twitter.com/mayu___cs,
6,https://twitter.com/marmarma9999,
6,https://twitter.com/l__l_l___ll,
6,https://twitter.com/kon_cl,
6,https://twitter.com/ke_odakyu9000,
6,https://twitter.com/Kaniyama_404,
6,https://twitter.com/kan5r619,
6,https://twitter.com/k3k3h0,
6,https://twitter.com/jazzKeN855,
6,https://twitter.com/i_luv_kneesox,
6,https://twitter.com/i4M1k0SU,
6,https://twitter.com/groebner_basis,
6,https://twitter.com/future731_info,
6,https://twitter.com/Epsilon_w05,
6,https://twitter.com/egpl0_sh,
6,https://twitter.com/azriel1rf,
6,https://twitter.com/_anharu2,
6,https://twitter.com/4a9gn_int,
6,https://twitter.com/0214sh7,
5,https://twitter.com/yutarommx,
5,https://twitter.com/_yosotsu,
5,https://twitter.com/yo_kanyukari,
5,https://twitter.com/YGHTssk,
5,https://twitter.com/valvallow,
5,https://twitter.com/TEITOKU_n,
5,https://twitter.com/takanojyou,
5,https://twitter.com/soy_sauce_21,
5,https://twitter.com/s_kajita,
5,https://twitter.com/showhey10894428,
5,https://twitter.com/shinnkun,
5,https://twitter.com/shimakaze_soft,
5,https://twitter.com/shiftpsh,
5,https://twitter.com/schil_ler,
5,https://twitter.com/ryujisnote,
5,https://twitter.com/ryona23,
5,https://twitter.com/Re_Null_1984,
5,https://twitter.com/p41412,
5,https://twitter.com/nor_isio,
5,https://twitter.com/nbit0125,
5,https://twitter.com/_NakanoPerson_,
5,https://twitter.com/nagashi_ma_w,
5,https://twitter.com/n122_nyanpass,
5,https://twitter.com/miya_789,
5,https://twitter.com/mcddx330,
5,https://twitter.com/masyo_ruri,
5,https://twitter.com/MaripoGoda,
5,https://twitter.com/libnumaf1y,
5,https://twitter.com/kochanto,
5,https://twitter.com/kidutituti,
5,https://twitter.com/KDK_Laboratory,
5,https://twitter.com/itikyu_,
5,https://twitter.com/hotatesan_hoge,
5,https://twitter.com/hogefuga9876543,
5,https://twitter.com/H_KzSFC,
5,https://twitter.com/hiyoko_taisa,
5,https://twitter.com/hibiki_cube,
5,https://twitter.com/Hexomino,
5,https://twitter.com/Esqrt2,
5,https://twitter.com/dreamgirl_cigar,
5,https://twitter.com/dette_iu_san,
5,https://twitter.com/designpatterngf,
5,https://twitter.com/defferentialDDD,
5,https://twitter.com/clossflag,
5,https://twitter.com/callmekohei,
5,https://twitter.com/alt_sfc18,
5,https://twitter.com/alphasave1,
5,https://twitter.com/akanehara,
5,https://twitter.com/_Akamig,
5,https://twitter.com/aime,
5,https://twitter.com/acryloshobonile,
5,https://twitter.com/6e_W1o3O_Q0z2Xp,
5,https://twitter.com/477_134515,
5,https://twitter.com/323O65281,
5,https://twitter.com/3141592aa,
5,https://twitter.com/24x60x60,
5,https://twitter.com/0x3939b,
5,https://twitter.com/00000_OOOO_ooo,
4,https://twitter.com/yoshi1125hisa,
4,https://twitter.com/__yk16__,
4,https://twitter.com/wpdnndjelqqppdj,
4,https://twitter.com/wasisama,
4,https://twitter.com/vitaiwnl,
4,https://twitter.com/utsurigit,
4,https://twitter.com/UMARU1230,
4,https://twitter.com/tuchiryuu,
4,https://twitter.com/TongariAtamago,
4,https://twitter.com/Th_vinmei,
4,https://twitter.com/teslamint,
4,https://twitter.com/tens_pro,
4,https://twitter.com/tearaikazuki_i,
4,https://twitter.com/tea63,
4,https://twitter.com/tamosan,
4,https://twitter.com/sampasj,
4,https://twitter.com/salieri_nk,
4,https://twitter.com/ryutokimura,
4,https://twitter.com/ryotkak,
4,https://twitter.com/ryoppippi,
4,https://twitter.com/ruia_prime,
4,https://twitter.com/rioriost,
4,https://twitter.com/Rikito_cure,
4,https://twitter.com/raspberry_craft,
4,https://twitter.com/rana_bot,
4,https://twitter.com/R2t22pE_D,
4,https://twitter.com/prince__0203,
4,https://twitter.com/PM30760970,
4,https://twitter.com/osakaeco,
4,https://twitter.com/omhncjp,
4,https://twitter.com/NUSH06,
4,https://twitter.com/numaf1y,
4,https://twitter.com/nozomi_1773,
4,https://twitter.com/Nonol_Nol,
4,https://twitter.com/nimuyohu,
4,https://twitter.com/nekotaro,
4,https://twitter.com/musicanz_play,
4,https://twitter.com/mattyan1053,
4,https://twitter.com/love_as_cat,
4,https://twitter.com/kyanepoyo,
4,https://twitter.com/kurobee_dev,
4,https://twitter.com/Krgm4D,
4,https://twitter.com/k_enoki,
4,https://twitter.com/keep_OC,
4,https://twitter.com/kanna_1go,
4,https://twitter.com/kamataryo_,
4,https://twitter.com/joeokubo,
4,https://twitter.com/ITolijinal_trip,
4,https://twitter.com/import_bakery,
4,https://twitter.com/htnykzk_ww,
4,https://twitter.com/HK_fatman,
4,https://twitter.com/HiY_,
4,https://twitter.com/HitsujiRere,
4,https://twitter.com/hchbaw,
4,https://twitter.com/HAPPY_2130,
4,https://twitter.com/Hans_Robo,
4,https://twitter.com/Ginnannman,
4,https://twitter.com/gangan_tekoki,
4,https://twitter.com/gaeulbyul,
4,https://twitter.com/FuwattoFlower,
4,https://twitter.com/___freddi___,
4,https://twitter.com/fmhr__,
4,https://twitter.com/_Flying_Hawk_,
4,https://twitter.com/float168,
4,https://twitter.com/drib__,
4,https://twitter.com/chanLettuce01,
4,https://twitter.com/cafecat6503,
4,https://twitter.com/Battery_UEC,
4,https://twitter.com/bangdream_bird,
4,https://twitter.com/axe237,
4,https://twitter.com/Atsuya_robo,
4,https://twitter.com/atmark_maruA,
4,https://twitter.com/arai_tomokazuun,
4,https://twitter.com/angel_p_57,
4,https://twitter.com/andNaFFF,
4,https://twitter.com/all_for_kobato,
4,https://twitter.com/7_XC,
4,https://twitter.com/5XL_Fat,
4,https://twitter.com/461O164,
4,https://twitter.com/20om3,
3,https://twitter.com/zaltoprofen,
3,https://twitter.com/z4stava716,
3,https://twitter.com/yuta0381,
3,https://twitter.com/yuseisui,
3,https://twitter.com/yuriy183,
3,https://twitter.com/yuRi_to_104,
3,https://twitter.com/yoooomaruuuu,
3,https://twitter.com/Yokohama_train2,
3,https://twitter.com/Ymgn_Bass,
3,https://twitter.com/yanorei32,
3,https://twitter.com/Wolf_Electronic,
3,https://twitter.com/uzumemuzik,
3,https://twitter.com/U_phys18,
3,https://twitter.com/TwilightSuz3266,
3,https://twitter.com/ttaniguti,
3,https://twitter.com/tsutoringo,
3,https://twitter.com/toshi0383,
3,https://twitter.com/tomoya_shibata,
3,https://twitter.com/tomatoayane,
3,https://twitter.com/TkRpp,
3,https://twitter.com/tkhdfjnm,
3,https://twitter.com/TheRealHeartade,
3,https://twitter.com/telyaino,
3,https://twitter.com/takotarou_kohyo,
3,https://twitter.com/takepansan,
3,https://twitter.com/sw_djchiffon,
3,https://twitter.com/SuimezZZ,
3,https://twitter.com/student458,
3,https://twitter.com/stmtk_01,
3,https://twitter.com/sorausa_sirius,
3,https://twitter.com/Slime_hatena,
3,https://twitter.com/sitositositoo,
3,https://twitter.com/sio_sazanami,
3,https://twitter.com/shunsoku_hayai,
3,https://twitter.com/shakayami_,
3,https://twitter.com/sagiii6,
3,https://twitter.com/Ryu1__1uyR,
3,https://twitter.com/rokukami,
3,https://twitter.com/riv_mk,
3,https://twitter.com/rityo_math,
3,https://twitter.com/rigelpain,
3,https://twitter.com/rh2106,
3,https://twitter.com/rerenote,
3,https://twitter.com/reki_frequent,
3,https://twitter.com/rearn499,
3,https://twitter.com/razokulover,
3,https://twitter.com/range_v3,
3,https://twitter.com/Rakan_2525,
3,https://twitter.com/ptrYudai,
3,https://twitter.com/psy_tomosuke,
3,https://twitter.com/prohibitrum108,
3,https://twitter.com/_Pisu403,
3,https://twitter.com/phpfucker,
3,https://twitter.com/penerte,
3,https://twitter.com/p1o1c1k1y,
3,https://twitter.com/of_o4,
3,https://twitter.com/nya3_neko2,
3,https://twitter.com/N_ya28,
3,https://twitter.com/no_shumi,
3,https://twitter.com/__nelio__,
3,https://twitter.com/nasustim,
3,https://twitter.com/naaaaaaaaaaaf,
3,https://twitter.com/myaru_ethanol,
3,https://twitter.com/mochimkchiking,
3,https://twitter.com/Mits_Dev,
3,https://twitter.com/MITLicense,
3,https://twitter.com/minsebu1,
3,https://twitter.com/mikankari_test1,
3,https://twitter.com/mhkai00731,
3,https://twitter.com/meditq,
3,https://twitter.com/mattn_jp,
3,https://twitter.com/lawliteqed,
3,https://twitter.com/la_float,
3,https://twitter.com/Kzmriu,
3,https://twitter.com/kuroma6666,
3,https://twitter.com/kure,
3,https://twitter.com/KTHRSM_JRH,
3,https://twitter.com/ksattkb,
3,https://twitter.com/Krgmn_18782,
3,https://twitter.com/kiyoshifone,
3,https://twitter.com/KitaMorotsu,
3,https://twitter.com/kilocaloriep,
3,https://twitter.com/kametan0730,
3,https://twitter.com/kakakaya,
3,https://twitter.com/KAGUYA_HOE,
3,https://twitter.com/jhonson1415,
3,https://twitter.com/jellyfish_26,
3,https://twitter.com/ITF_QSYS,
3,https://twitter.com/ITF_Q,
3,https://twitter.com/Iruyan_ZAK,
3,https://twitter.com/ikaro1192,
3,https://twitter.com/hotta,
3,https://twitter.com/homesentinel_,
3,https://twitter.com/Hako_matsu,
3,https://twitter.com/GravityPresence,
3,https://twitter.com/gorilla0513,
3,https://twitter.com/gomazarashie,
3,https://twitter.com/get_me_power,
3,https://twitter.com/_Garam17,
3,https://twitter.com/fufufunaki,
3,https://twitter.com/freddi_kit,
3,https://twitter.com/Flora_1425,
3,https://twitter.com/e381x,
3,https://twitter.com/doridoridoriand,
3,https://twitter.com/donkomura_,
3,https://twitter.com/dangoya3,
3,https://twitter.com/daik_,
3,https://twitter.com/CookieRamen,
3,https://twitter.com/cmpl_error,
3,https://twitter.com/chmod_x_akasit,
3,https://twitter.com/Ch000Ikura,
3,https://twitter.com/axjack_,
3,https://twitter.com/Alfort728,
3,https://twitter.com/akkiy93,
3,https://twitter.com/7danmoroboshi,
3,https://twitter.com/2357gi,
3,https://twitter.com/_0x1bf52_,
2,https://twitter.com/zyuer,
2,https://twitter.com/zelphilid,
2,https://twitter.com/yomogi_HYP,
2,https://twitter.com/ygkn35034,
2,https://twitter.com/yasi2_des,
2,https://twitter.com/yamasy1549,
2,https://twitter.com/y0t4,
2,https://twitter.com/WizardOfChick,
2,https://twitter.com/wassan128,
2,https://twitter.com/VisualStudio,
2,https://twitter.com/ushik_ado,
2,https://twitter.com/urbsxb4mu,
2,https://twitter.com/_t_y8,
2,https://twitter.com/TSK670,
2,https://twitter.com/tinykitten8,
2,https://twitter.com/ThetasteofDasso,
2,https://twitter.com/tehmoshee,
2,https://twitter.com/TEFRymd27,
2,https://twitter.com/tceoo1,
2,https://twitter.com/taruorigin,
2,https://twitter.com/tar701,
2,https://twitter.com/tanidais,
2,https://twitter.com/takkii,
2,https://twitter.com/TakagiTakk,
2,https://twitter.com/ta2gch,
2,https://twitter.com/t1apes1um,
2,https://twitter.com/strangeQuom,
2,https://twitter.com/ss_neet,
2,https://twitter.com/soundcraft6,
2,https://twitter.com/_sotaatos,
2,https://twitter.com/sobaumai0811,
2,https://twitter.com/S_i_ZK,
2,https://twitter.com/siromath,
2,https://twitter.com/_SIL1JJ,
2,https://twitter.com/shiso_aji,
2,https://twitter.com/shiroemons,
2,https://twitter.com/shinchokuzero,
2,https://twitter.com/shift_crops,
2,https://twitter.com/Sean93jpK4_NL,
2,https://twitter.com/saruISmonkey,
2,https://twitter.com/samasama76,
2,https://twitter.com/sakkuntyo__,
2,https://twitter.com/_ryutok,
2,https://twitter.com/r_tateshina,
2,https://twitter.com/rkunkunr,
2,https://twitter.com/rioch2000,
2,https://twitter.com/Ricotan_Linux,
2,https://twitter.com/R_Grey_Phantasm,
2,https://twitter.com/RBU6000,
2,https://twitter.com/__pokte__,
2,https://twitter.com/Poki_Draco,
2,https://twitter.com/platypus999,
2,https://twitter.com/paschen00,
2,https://twitter.com/_oversleep_t,
2,https://twitter.com/o_rasu9231,
2,https://twitter.com/oech3,
2,https://twitter.com/nothing_raccon,
2,https://twitter.com/Northern___,
2,https://twitter.com/noririso_hosk,
2,https://twitter.com/norezark,
2,https://twitter.com/nobudora101,
2,https://twitter.com/nikumann81,
2,https://twitter.com/n_hoge_,
2,https://twitter.com/nep_pudding3,
2,https://twitter.com/NaoppyJ,
2,https://twitter.com/N0n5ense,
2,https://twitter.com/n0b453,
2,https://twitter.com/mym_ryg,
2,https://twitter.com/mpyw,
2,https://twitter.com/mozuku169,
2,https://twitter.com/Morojenium,
2,https://twitter.com/mongesan2,
2,https://twitter.com/mochi_0xFF,
2,https://twitter.com/MNUCisZG,
2,https://twitter.com/mkane_1000,
2,https://twitter.com/miyata080825,
2,https://twitter.com/midorikawakaba,
2,https://twitter.com/Maruru_Killer,
2,https://twitter.com/MARIA_suko_3I,
2,https://twitter.com/MaidLain,
2,https://twitter.com/Lycanroc721,
2,https://twitter.com/luoSetiguA,
2,https://twitter.com/love_kobato_all,
2,https://twitter.com/loopsandloops25,
2,https://twitter.com/Lolitta_river,
2,https://twitter.com/Lenqth,
2,https://twitter.com/LElG0,
2,https://twitter.com/kyodaisuu,
2,https://twitter.com/kumakuma_32,
2,https://twitter.com/kourin_55,
2,https://twitter.com/KoHey94,
2,https://twitter.com/kjfsm4,
2,https://twitter.com/Kirchhoffs_law,
2,https://twitter.com/kim_upsilon,
2,https://twitter.com/kimshun09,
2,https://twitter.com/Kidocoronex17,
2,https://twitter.com/keikoka,
2,https://twitter.com/kawa1125tp,
2,https://twitter.com/kaspar_lueder,
2,https://twitter.com/JPNYKW,
2,https://twitter.com/iwaki_haruo,
2,https://twitter.com/itabashi_a,
2,https://twitter.com/ILoveTw1tter,
2,https://twitter.com/IkiJasu,
2,https://twitter.com/_hijikist_,
2,https://twitter.com/hichon,
2,https://twitter.com/hgtkHelloworld,
2,https://twitter.com/_Hexe_rer_nat__,
2,https://twitter.com/heartade_,
2,https://twitter.com/Hayarrow0315UEC,
2,https://twitter.com/Hayao0819,
2,https://twitter.com/Hayabusa0512Uec,
2,https://twitter.com/hatoata,
2,https://twitter.com/hat_11_hat,
2,https://twitter.com/haruroid_ex,
2,https://twitter.com/_GTLIMITED_,
2,https://twitter.com/gogophilips,
2,https://twitter.com/George_Samidare,
2,https://twitter.com/genmai06,
2,https://twitter.com/gekko_hero,
2,https://twitter.com/gbn6500,
2,https://twitter.com/Fpga18Gansn1230,
2,https://twitter.com/fk1_jp,
2,https://twitter.com/facking_noobest,
2,https://twitter.com/Epistem74179187,
2,https://twitter.com/Enigma_SNCT,
2,https://twitter.com/ekn147,
2,https://twitter.com/d_etteiu8383,
2,https://twitter.com/deconstructor61,
2,https://twitter.com/conao_3,
2,https://twitter.com/comcom1211,
2,https://twitter.com/CNTR_kp52435_RJ,
2,https://twitter.com/C_N_Lundi,
2,https://twitter.com/_citsu_,
2,https://twitter.com/cidr_cuckooo,
2,https://twitter.com/Chun_Chun_Japan,
2,https://twitter.com/choco_tappri2,
2,https://twitter.com/chaso6150,
2,https://twitter.com/camera510PC7,
2,https://twitter.com/Br3_kyokyo,
2,https://twitter.com/Bot_Pull_MonEne,
2,https://twitter.com/blu3mo,
2,https://twitter.com/battlegirl_mmd,
2,https://twitter.com/axium37,
2,https://twitter.com/avn_alt,
2,https://twitter.com/assassa_sv,
2,https://twitter.com/asangi_a4ac,
2,https://twitter.com/apstndb,
2,https://twitter.com/aotake91_old,
2,https://twitter.com/aotake91,
2,https://twitter.com/aoimumu,
2,https://twitter.com/And00r_genesis,
2,https://twitter.com/akka000,
2,https://twitter.com/Aizu_skst,
2,https://twitter.com/ae86jr225kei,
2,https://twitter.com/7pitps,
2,https://twitter.com/7milch,
2,https://twitter.com/55aa420c,
2,https://twitter.com/491mhz,
2,https://twitter.com/428rinsuki,
2,https://twitter.com/196Ikuchil,
2,https://twitter.com/0sakaKanjyosen,
2,https://twitter.com/01_s_jp,
1,https://twitter.com/zwxi,
1,https://twitter.com/zonoise,
1,https://twitter.com/yuubomber,
1,https://twitter.com/yuto3048,
1,https://twitter.com/yu___smith,
1,https://twitter.com/yuma1053,
1,https://twitter.com/_yukishir0_,
1,https://twitter.com/yuki013_,
1,https://twitter.com/Yuk1_T0r11,
1,https://twitter.com/YSRKEN,
1,https://twitter.com/yoyR_3501,
1,https://twitter.com/YOSHIKI_sonshi,
1,https://twitter.com/yoshiki__0428,
1,https://twitter.com/yopiyama0824,
1,https://twitter.com/yobidenchie,
1,https://twitter.com/YetAnother_yk,
1,https://twitter.com/Yana_023_,
1,https://twitter.com/xatu0202,
1,https://twitter.com/wraikny_,
1,https://twitter.com/wraikny,
1,https://twitter.com/woody_egg,
1,https://twitter.com/wing_zero1998,
1,https://twitter.com/wgundamzero1,
1,https://twitter.com/wataru5123,
1,https://twitter.com/waitsushi,
1,https://twitter.com/vopordna,
1,https://twitter.com/vio_remon,
1,https://twitter.com/utisam,
1,https://twitter.com/utchy007,
1,https://twitter.com/_____unko______,
1,https://twitter.com/uminek_ooo,
1,https://twitter.com/__ukun,
1,https://twitter.com/UED_DEU,
1,https://twitter.com/uedalaboratory,
1,https://twitter.com/udn_huniv20,
1,https://twitter.com/tyawanmusi256,
1,https://twitter.com/try_ymk,
1,https://twitter.com/tRue_math,
1,https://twitter.com/transcode001,
1,https://twitter.com/toof_jp,
1,https://twitter.com/tomoyat1,
1,https://twitter.com/toliner_,
1,https://twitter.com/tofuxxx1,
1,https://twitter.com/toda_sundai,
1,https://twitter.com/Toco72Coco72,
1,https://twitter.com/tmpk114514,
1,https://twitter.com/TLE_maker,
1,https://twitter.com/tkt989_dev,
1,https://twitter.com/tkoyama010,
1,https://twitter.com/_tinoji,
1,https://twitter.com/times_kim,
1,https://twitter.com/thiqxis,
1,https://twitter.com/the_uhooi,
1,https://twitter.com/Te___24,
1,https://twitter.com/t_cha_n,
1,https://twitter.com/tawatawa_sisisi,
1,https://twitter.com/tateishi_blanc,
1,https://twitter.com/tasai725,
1,https://twitter.com/taniho_0707,
1,https://twitter.com/takuma_koba,
1,https://twitter.com/takosan_winter,
1,https://twitter.com/takax3_M,
1,https://twitter.com/takanakahiko,
1,https://twitter.com/_tai_shi,
1,https://twitter.com/taikoyaP,
1,https://twitter.com/tabe_unity,
1,https://twitter.com/sys9kdr,
1,https://twitter.com/suzuna_basic,
1,https://twitter.com/Suzumi_Kurotake,
1,https://twitter.com/STOPfrozen_UNEI,
1,https://twitter.com/sthtnr,
1,https://twitter.com/ss1ua2zt1us3uki,
1,https://twitter.com/srn221B,
1,https://twitter.com/Sp4cG00dR1ch,
1,https://twitter.com/sixyoka_,
1,https://twitter.com/sirosiromakku,
1,https://twitter.com/siriusfox,
1,https://twitter.com/sinDo0803,
1,https://twitter.com/silverscat_3,
1,https://twitter.com/siketyan,
1,https://twitter.com/siito_14,
1,https://twitter.com/_shouth_kit,
1,https://twitter.com/shirasayav5,
1,https://twitter.com/shiosefine,
1,https://twitter.com/SHINOHARATTT,
1,https://twitter.com/shibaitsuki,
1,https://twitter.com/_shamrock1028,
1,https://twitter.com/_serinuntius,
1,https://twitter.com/_sen59,
1,https://twitter.com/sciencelike,
1,https://twitter.com/schktjm,
1,https://twitter.com/_SawadaSan_,
1,https://twitter.com/satoazu_sp,
1,https://twitter.com/sasasin_net,
1,https://twitter.com/sara_xxpyxx,
1,https://twitter.com/samunohito,
1,https://twitter.com/sakushiro,
1,https://twitter.com/sakiko_chan,
1,https://twitter.com/Sahashi165,
1,https://twitter.com/S0UL_EXPLOSION,
1,https://twitter.com/Ryohei_Y_0109,
1,https://twitter.com/ryna4c2e,
1,https://twitter.com/RussianBlue25,
1,https://twitter.com/Running_train_,
1,https://twitter.com/rucola_ac_ver2,
1,https://twitter.com/romanov_wizard,
1,https://twitter.com/rocked_clown,
1,https://twitter.com/r_karotou,
1,https://twitter.com/RC31E,
1,https://twitter.com/ramradow,
1,https://twitter.com/qumali_nagi,
1,https://twitter.com/puripuri2100,
1,https://twitter.com/pullMave,
1,https://twitter.com/poyothon,
1,https://twitter.com/Potiii_,
1,https://twitter.com/ple_0x0,
1,https://twitter.com/pipco,
1,https://twitter.com/pinkumohikan,
1,https://twitter.com/pika_sub,
1,https://twitter.com/P10K4,
1,https://twitter.com/otsune,
1,https://twitter.com/o_suitashi_bot,
1,https://twitter.com/osake_log,
1,https://twitter.com/oo0sphere0oo,
1,https://twitter.com/oninameko,
1,https://twitter.com/okudaira3rd,
1,https://twitter.com/okayunonaha,
1,https://twitter.com/okada_z,
1,https://twitter.com/o__g_,
1,https://twitter.com/nyoharr,
1,https://twitter.com/nymwa,
1,https://twitter.com/nuko274,
1,https://twitter.com/nomunomu0504,
1,https://twitter.com/Nixa_09,
1,https://twitter.com/nirsmmy,
1,https://twitter.com/nim1z,
1,https://twitter.com/nekosamurai411,
1,https://twitter.com/necomal299,
1,https://twitter.com/natsu_Coooool,
1,https://twitter.com/NaokiPadT480,
1,https://twitter.com/namusanch,
1,https://twitter.com/NameroDon,
1,https://twitter.com/NakadEngineer,
1,https://twitter.com/nagi990703,
1,https://twitter.com/nacika_ins,
1,https://twitter.com/mytrashing,
1,https://twitter.com/murataimu,
1,https://twitter.com/mszk0120,
1,https://twitter.com/ms19900825,
1,https://twitter.com/moudameyan,
1,https://twitter.com/morion1500,
1,https://twitter.com/momosuke4989,
1,https://twitter.com/mokoponi,
1,https://twitter.com/Moho_Nisizumi,
1,https://twitter.com/MogamiTsuchikaw,
1,https://twitter.com/mochi_mirai,
1,https://twitter.com/mkoizumi9,
1,https://twitter.com/mi_so_ka,
1,https://twitter.com/milchcocoa,
1,https://twitter.com/Mikunyan_346,
1,https://twitter.com/Miki15592462,
1,https://twitter.com/men_cotton,
1,https://twitter.com/MCPE_Yossi1114,
1,https://twitter.com/masutango18,
1,https://twitter.com/masoetha_es,
1,https://twitter.com/masateruk,
1,https://twitter.com/malts_0414,
1,https://twitter.com/makotokaga,
1,https://twitter.com/makotofalcon,
1,https://twitter.com/Mafiro1984,
1,https://twitter.com/ma5aki__,
1,https://twitter.com/__M4ND__,
1,https://twitter.com/LuCielNoblesse,
1,https://twitter.com/Loyuka_nua2,
1,https://twitter.com/Lithium_Lilly,
1,https://twitter.com/lIIlIllIIllIlII,
1,https://twitter.com/lightning_vtx,
1,https://twitter.com/Landau_kun,
1,https://twitter.com/l8iqb9,
1,https://twitter.com/kyusque,
1,https://twitter.com/kyoshimine,
1,https://twitter.com/kymn_,
1,https://twitter.com/ksaikix,
1,https://twitter.com/kppprii14,
1,https://twitter.com/kouwasi,
1,https://twitter.com/kouugou,
1,https://twitter.com/kottn_jp,
1,https://twitter.com/Kory__3,
1,https://twitter.com/komuginookashi,
1,https://twitter.com/kodaira9723,
1,https://twitter.com/kodai100_tw,
1,https://twitter.com/ko1123581321,
1,https://twitter.com/kittenishkit,
1,https://twitter.com/kitagas,
1,https://twitter.com/kirabos92,
1,https://twitter.com/kinaphar,
1,https://twitter.com/KIM_TPDN,
1,https://twitter.com/kikiriko200,
1,https://twitter.com/kicalp,
1,https://twitter.com/kgtkr,
1,https://twitter.com/keyakko,
1,https://twitter.com/keshinomi_88pro,
1,https://twitter.com/ken25_nico,
1,https://twitter.com/keishi46646787,
1,https://twitter.com/keijinozaki,
1,https://twitter.com/keigo3142011,
1,https://twitter.com/kazuhikoh_,
1,https://twitter.com/__KasSA,
1,https://twitter.com/kantarow_,
1,https://twitter.com/kanade_k_1228,
1,https://twitter.com/kamitume_Vkosen,
1,https://twitter.com/kaiMcz,
1,https://twitter.com/kaiakiy,
1,https://twitter.com/k48AB1000,
1,https://twitter.com/javee,
1,https://twitter.com/itan2929revive,
1,https://twitter.com/issyurn,
1,https://twitter.com/i_s_s_y____,
1,https://twitter.com/infragirl755,
1,https://twitter.com/INFL_B,
1,https://twitter.com/inaenomaki,
1,https://twitter.com/Ifailedtheexams,
1,https://twitter.com/ibuki2003,
1,https://twitter.com/iBotamon,
1,https://twitter.com/hyper0dietter,
1,https://twitter.com/HyoUmiusi,
1,https://twitter.com/hyodocraft,
1,https://twitter.com/Huskynekoneko,
1,https://twitter.com/HundertSteine,
1,https://twitter.com/huequica,
1,https://twitter.com/hotwatermorning,
1,https://twitter.com/HonestLiarSan,
1,https://twitter.com/honapay5208,
1,https://twitter.com/homerunutuyo,
1,https://twitter.com/HlBIKI,
1,https://twitter.com/hiroga_cc,
1,https://twitter.com/henkoudekimasu,
1,https://twitter.com/helyeah14,
1,https://twitter.com/hayakudesu,
1,https://twitter.com/hashimoto_lo,
1,https://twitter.com/hasegawa_anal3,
1,https://twitter.com/haruno8x3,
1,https://twitter.com/Haruka2003_exe,
1,https://twitter.com/hanamasa0201,
1,https://twitter.com/hamashin2602,
1,https://twitter.com/haijin_panayo,
1,https://twitter.com/graws188390,
1,https://twitter.com/gotutiyan_kapi,
1,https://twitter.com/goodstoriez,
1,https://twitter.com/GONBEEE_project,
1,https://twitter.com/gimo_me,
1,https://twitter.com/FU_RAT_O,
1,https://twitter.com/FukudaTakuro,
1,https://twitter.com/Fuji_oryz_robot,
1,https://twitter.com/Ftmc_,
1,https://twitter.com/Fis_moll,
1,https://twitter.com/fiji_yuki,
1,https://twitter.com/faebomb,
1,https://twitter.com/everydaymatcha,
1,https://twitter.com/Euglenese,
1,https://twitter.com/eru_java,
1,https://twitter.com/doramanjyu,
1,https://twitter.com/donaldtorvalds,
1,https://twitter.com/dolyplpl,
1,https://twitter.com/dogegg,
1,https://twitter.com/Dev_Sashimi,
1,https://twitter.com/destro_yer_knsk,
1,https://twitter.com/decent_black,
1,https://twitter.com/DaisukiStage,
1,https://twitter.com/daidai1025x,
1,https://twitter.com/d0ra1998,
1,https://twitter.com/D05E1,
1,https://twitter.com/Cz75san,
1,https://twitter.com/CsF_kemi,
1,https://twitter.com/crolera,
1,https://twitter.com/cosine1016,
1,https://twitter.com/com_gunzi,
1,https://twitter.com/clomsync,
1,https://twitter.com/__clang__,
1,https://twitter.com/chor_kai_chan,
1,https://twitter.com/ChameleonO2,
1,https://twitter.com/canopoyo,
1,https://twitter.com/c0ee,
1,https://twitter.com/Butyric_Yummy,
1,https://twitter.com/book000,
1,https://twitter.com/bitJohnta,
1,https://twitter.com/bigzabrty,
1,https://twitter.com/benkyou_youday,
1,https://twitter.com/Ayaragi7755,
1,https://twitter.com/Aya_Furusawa,
1,https://twitter.com/aximov3,
1,https://twitter.com/attrip,
1,https://twitter.com/atomosphere,
1,https://twitter.com/asterisk9101,
1,https://twitter.com/Artwarect030,
1,https://twitter.com/aoharu514,
1,https://twitter.com/anmitsu_553,
1,https://twitter.com/ancientai_,
1,https://twitter.com/amety_um,
1,https://twitter.com/amanao_,
1,https://twitter.com/alk_fuzoku,
1,https://twitter.com/AKImin011,
1,https://twitter.com/akikirinrin,
1,https://twitter.com/AB_Zaurus,
1,https://twitter.com/abap34,
1,https://twitter.com/9cumsu,
1,https://twitter.com/797573756b654e,
1,https://twitter.com/661nosyamuzuki,
1,https://twitter.com/573pn3y141,
1,https://twitter.com/4_va6,
1,https://twitter.com/29837381a,
1,https://twitter.com/18lin2,
1,https://twitter.com/1818BQ,
1,https://twitter.com/10kaoru12,
1,https://twitter.com/_1011x111_,
1,https://twitter.com/06Natsunatsuki,
1,https://twitter.com/03xAn29,

