Rank,User,Count
1,jiro_saburomaru,4730
2,ryuichiueda,4237
3,blacknon_,3120
4,qwertanus,2282
5,yami_buta,2246
6,grethlen,1188
7,QiToYtkg,1145
8,egpl0,974
9,ytkmns,856
10,eban,725
11,shishimy,597
12,kino___ma,499
13,CareleSmith9,493
14,kazuki_199778,481
15,nogiro_iota,478
16,knrotze,396
17,xztaityozx_001,387
18,RandomWeekday,385
19,nullpopopo,377
20,kuruppo_poppo_,318
21,YToriyama,306
22,cheese_rulez,289
23,3socha,274
24,yukito_2828,272
25,amanoese,260
26,teruteru128,246
27,kanata201612,242
28,SR24TozukaAngyo,241
29,kunst1080,219
30,quon_rst,210
31,papiron,196
32,fujifog,190
33,theoldmoon0602,189
34,obknt,185
35,tacmasi,182
36,theoremoon,175
37,ega_wave,172
38,duck_yasuhiroki,171
39,uluvtu,171
39,satoh_fumiyasu,169
40,math_nobase,164
41,binununn,158
42,t2saras,156
43,venom_d_3,155
44,t_motooka,154
45,hako_bey,148
46,stepney141,146
47,_toku_san,144
48,yasu1988taka,143
49,Bikenekosuke,141
50,midokokemaru,140
51,sesameoil_pro,138
52,dkrqr,136
53,ooishi_dog,136
53,Ag4O4,134
54,kotatsugame_t,130
55,rabdology,125
56,P5mEm,124
57,horagainantou,122
58,Carol_815,122
58,hamukichi_nbr,121
59,127anz,120
60,neunetneucom,115
61,8P2aZMskK2FdUbF,112
62,mazotive,112
62,kotone_nyt,111
63,mutz0623,111
63,systemctl_ryoto,109
64,1inguini,106
65,Logi024tec,102
66,kKanai_,101
67,obknnt,96
68,takion0,96
68,gin_135,90
69,DINER_PREIADES,89
70,HisoNWP,88
71,koala0024,87
72,izumi_reon,86
73,palomax69,86
73,egpl0_sh_2,86
73,Esqrt2,85
74,rs_pferd,85
74,thb_wwwwww,84
75,36kyo,83
76,rsk0315_h4x,82
77,hiro_poke91,82
77,M_1KU,81
78,butackle66,80
79,tallestorange,80
79,Mikanixonable,80
79,toby_net,79
80,robokinoko,76
81,Nmki_98,73
82,Rabdology,73
82,71aa55,72
83,M_4_N_D,71
84,QmanEnobikto,71
84,nros_utq,71
84,nnn1590,70
85,fall_murasaki,70
85,4ourzer0ei8ht,68
86,wataken44,68
86,sagatmay,68
86,tTDeforestation,66
87,nirot1r,65
88,dempacat,65
88,quon_rst_,64
89,dainivolunteer,64
89,Ore_Not_0zone,64
89,moko2356789,64
89,shimesaba_C9,62
90,crazyhacks68k,61
91,kya_ski,59
92,stmtk_yu,59
92,mikkun_jp,58
93,donnay1224,58
93,SR23Araijuku,57
94,_uts2,57
94,Chroma7p,56
95,HK_Shuttle,56
95,_Clay____,56
95,man_2_fork,56
95,msr386,55
96,Yushima_Chiji,55
96,nonsako,55
96,Anubis_369,54
97,battlegirl_mmd,54
97,mikankari,53
98,16tons_,53
98,akira39,53
98,b4xi_,53
98,figyuuuuuu,52
99,flying_hato_bus,52
99,Dasso_1985,51
100,Fleur_Clava,50
101,takuya_M_cr_off,50
101,ihcamonoihS,50
101,uec_hige,49
102,yamaya,49
102,0mrg,49
102,kurobee0317,48
103,gorilla_5756,48
103,SEGA_OFFlCIAL,48
103,miinyan2828,47
104,hisaharu,47
104,kuroma_ele,46
105,shinji_jetter,45
106,poisoned_04,45
106,hookunnn,45
106,beeee_ambitious,45
106,sin_clav,45
106,marunomi_,44
107,jj1lfc,44
107,TEITOKU_n,44
107,2017_Pns0429,44
107,yuru_neji,43
108,namnium_01,43
108,EF510_506,43
108,shuhannn,42
109,s_mitu,42
109,jg_im,41
110,rabdoslogos,41
110,air_murasaki,41
110,n4kdoe,40
111,nomorepython,40
111,aosa4054,40
111,rei_ktrg,40
111,rig_rx,40
111,flip_flop_555,39
112,kakerigawa,39
112,seopon,38
113,0x35h4ck,38
113,matsugae_tmyk,38
113,beet_aizu,38
113,Iruyan_Zak,37
114,MasWag,37
114,515hikaru,37
114,Asunarowasabi_U,37
114,shironuriebcdic,37
114,celeronist,37
114,ribn_il,36
115,teckl,36
115,v0p0y,36
115,taneyats,36
115,realUdenIrphus,36
115,Marble_Makeup,36
115,himumasa1211,35
116,cstl_fy,35
116,yamada_toru1980,35
116,KoharaKazuya,35
116,delvi511,35
116,TakumaNitori,34
117,zeriyoshi,34
117,marmarma9999,34
117,ProkumaH,33
118,what_ashi,33
118,kamiya_1101,33
118,takenoya_,33
118,AquaVitaeToU,33
118,betats,32
119,H_KzSFC,32
119,ikawaha,31
120,kznr_luk,31
120,kiyotuneason,31
120,Lycanroc721,30
121,0x3939b,30
121,takano32,30
121,tessy_0901,30
121,yosi2112,29
122,sfy00,29
122,tanipen_3163,29
122,Checoole,29
122,asumu12345,29
122,taka_hvc1,29
122,ouhare,29
122,_ymdtr_,29
122,Sarsha_Rhuthy,29
122,straydrop411,28
123,_unstabler,28
123,kariya_mitsuru,28
123,shirry0129,28
123,hogemochi,28
123,a7i_,28
123,2ndLesmi,28
123,miyagaw61,28
123,soralis_nem,28
123,yamad_linuxer,27
124,ItinoseVM,27
124,manimonoP,27
124,flow_6852,27
124,Akibako0916,27
124,haibala2020,27
124,kenya31sec,27
124,quon_sh,27
124,__fny,27
124,seachicken_fun,26
125,Nolurn_Nantoka,26
125,yukine_narumi,26
125,lfouWlynhoily,26
125,kuroma6666,26
125,prprhyt,26
125,Tacet_Pfcomp,26
125,fudafoota,25
126,kittenishkit,25
126,Kent_aur,25
126,ant2357,25
126,yahoobb_th,25
126,programmer_shun,25
126,Nandouwo,25
126,d_etteiu8383,25
126,_Akamig,24
127,Saigyo_HBK,24
127,mkan_0141,24
127,newfolderror,24
127,Hukanzen2,24
127,sh1mc,24
127,sige_yang,24
127,psy_tomosuke,24
127,cantabile_hisa,23
128,himeroco_HYP,23
128,__Bactpus__,23
128,yryrrrrryryr,23
128,Butyric_Yummy,23
128,homesentinel214,23
128,TERVO_GeoSci,23
128,massa_snake,23
128,hagyu_aya,22
129,oribe_kakaka,22
129,merlmerl,22
129,sizumita,22
129,ku2m1,22
129,u_4323_I,22
129,blessingyuki,22
129,kagorenya,22
129,wakuwinmail_C,22
129,0x71_0x65_0x74,22
129,angel_p_57,22
129,Llama_Zipang,22
129,weiclid,21
130,wcg_nippou,21
130,nezumi_tech,21
130,valvallow,21
130,Amber097,21
130,ot2sy39,21
130,itan2929revive,21
130,ju1zs,20
131,tmyk_kym,20
131,Tkon_sec,20
131,kubor_,20
131,Th_vinmei,20
131,mat_der_D,20
131,designpatterngf,20
131,myskng,20
131,meditq,19
132,C_herec,19
132,soy_sauce_21,19
132,Simesann51,19
132,mass510mc,19
132,_this_bot_dev,19
132,bitJohnta,19
132,uchitake_rcj,19
132,mlrlnc,19
132,_5h787575,19
132,nsmr0604,19
132,kakaka082,18
133,PekinRice_qlgps,18
133,andNaFFF,18
133,sickleaf3,18
133,yoichi22,18
133,ushik_ado,18
133,Surfin3000GTRs,18
133,ban_gen,18
133,Chromaryu,18
133,gori_sh,18
133,1liiiiiiiiiiii,18
133,kyomu_ut,18
133,0plusman,18
133,Ryu_ClairdeLune,18
133,y_kato222,18
133,leno3s,18
133,Petit_Etang,18
133,suzuna_basic,18
133,Ygym_ken,18
133,RCAVictorCo,17
134,gepetan,17
134,arai_tomokazuun,17
134,Cj_bc_sd,17
134,kemomimilike,17
134,ton__3,17
134,2ndseason1,17
134,eniehack,17
134,idonct,17
134,Kei_J0004,17
134,Iruyan_ZAK,17
134,hisa0211,17
134,mznh,17
134,osakaeco,17
134,hichon,17
134,shinnkun,16
135,s_nkd1024,16
135,hatoata,16
135,kucchy_26,16
135,yanorei32,16
135,kiridaruma,16
135,pigman3141,16
135,7188162,16
135,__Hemil_Frisys,16
135,_N4H4,16
135,C_D334,16
135,minyoruminyon,16
135,BotPalm,16
135,Soluna_Eureka_C,16
135,Hexomino,16
135,pdf_zangiri,16
135,white_jack07,16
135,yuina_blend,15
136,simularion,15
136,future731_info,15
136,VAL_Hyena777,15
136,shunonymous,15
136,shushushu9999,15
136,CyberMageF10wer,15
136,FukudaTakuro,15
136,_SawadaSan_,15
136,HiSubway,15
136,NULL1919810,15
136,onoonokatio,15
136,SecuHelvetica,15
136,kk16p586,15
136,iPhone_S9,14
137,i4mwh4ti4m,14
137,0uts1de_b,14
137,_orikage,14
137,mikuta0407,14
137,__RIRO__,14
137,coord_e,14
137,jhonson1415,14
137,estis_jk,14
137,tonets,14
137,TTD_Dede,14
137,_1_k,14
137,21Sukai2013,14
137,ei1821,14
137,t1apes1um,14
137,task4233,14
137,hchbaw,14
137,mika_san123,14
137,gogophilips,14
137,ido_kara_deru,14
137,oI0r1nO2q,14
137,science507,14
137,Atsuya_robo,14
137,taro_htn39,14
137,WizardOfChick,13
138,nimuyohu,13
138,AkihisaYoshii4,13
138,OHC_CHO,13
138,rana_intro,13
138,facking_noobest,13
138,salieri_nk,13
138,ei1333,13
138,atmark_maruA,13
138,sakkuntyo__,13
138,kanna_1go,13
138,tceoo1,13
138,TongariAtamago,13
138,mdo69,13
138,tokoro10g,13
138,tabe_unity,13
138,tyorome_Next_X,13
138,OldBigBuddha,13
138,this_zero3,13
138,NUSH06,13
138,tkhdfjnm,13
138,Poki_Draco,12
139,tuchiryuu,12
139,tearaikazuki_i,12
139,yt8492,12
139,namagomi_simo,12
139,nullsnet,12
139,macky_yukikaze,12
139,BanYorunashi,12
139,dette_iu_san,12
139,showhey10894428,12
139,ijh0,12
139,clossflag,12
139,k1a030371,12
139,camera510PC7,12
139,itohii0626,12
139,kokuyokugetter,12
139,libnumafly,12
139,uraoz,12
139,sksat_tty,12
139,mkuriki_,12
139,Epsilon_w05,12
139,_Garam17,12
139,all_for_kobato,12
139,Litpreza,12
139,Ellensuko_3I,12
139,yutarommx,11
140,_0028,11
140,koimenokoi,11
140,fuvo_kure,11
140,km_km_chan_jp,11
140,blackenedgold,11
140,SR25HigashiKwgc,11
140,KAGUYA_HOE,11
140,nothing_raccon,11
140,ke_odakyu9000,11
140,uedarobotics,11
140,0sashi32,11
140,wint7,11
140,biiiiiiiiiigeye,11
140,yuch4n_,11
140,happa_eight,11
140,4snt1,11
140,raspberry_craft,11
140,renchild8,11
140,_lem0n_,11
140,pathtoolpipette,11
140,such_a_corn,11
140,callmekohei,11
140,severrabaen,11
140,itikyu_,11
140,knjname,11
140,Hako_matsu,11
140,nkhrlab,11
140,mogisuke0301,11
140,nadekuc,11
140,HAPPY_2130,11
140,Tescostum,11
140,dreamgirl_cigar,11
140,tomo1560_,11
140,I_am_Kanai,10
141,s_kajita,10
141,take_ITF,10
141,iroha_nano145,10
141,SHYO,10
141,yo_kanyukari,10
141,wasisama,10
141,Aster_Tatarix,10
141,mayu___cs,10
141,schil_ler,10
141,MARIA_suko_3I,10
141,a_bkns,10
141,opfer_10155,10
141,SAO57is_prime,10
141,Kaniyama_404,10
141,hayashirice0829,10
141,kilocaloriep,10
141,uron_2nd,10
141,kaiba,10
141,akanehara,10
141,mayuutann,10
141,bangdream_bird,10
141,Takas_SO,10
141,Mikunyan_346,10
141,nashi2603,10
141,Krgm4D,10
141,tki_me,10
141,Mits_Dev,10
141,mag0k0romi7,10
141,kiriTzch,10
141,Lbfuvab,9
142,44GG44KT44GT,9
142,RBU6000,9
142,chibimarukoara1,9
142,prohibitrum108,9
142,Sylvie_0207,9
142,p1o1c1k1y1,9
142,hiyoko_taisa,9
142,groebner_basis,9
142,kan5r619,9
142,20om3,9
142,hfh3oa,9
142,7GHz,9
142,Hirashi_pic,9
142,57tggx,9
142,kodaira9723,9
142,E_V_334,9
142,Ymgn_Bass,9
142,_GTLIMITED_,9
142,gaeulbyul,9
142,_t3mp_,9
142,HuaweiSubway,9
142,to6okegao,9
142,YU_KI_0505,9
142,TkRpp,9
142,toshi0383,9
142,adoring_onion,9
142,tyawanmusi256,9
142,furikake555,9
142,Re_Null_1984,9
142,k3k3h0,8
143,student458,8
143,Running_train_,8
143,Battery_UEC,8
143,mochimkchiking,8
143,NoSukepoke,8
143,pyonpyon_mstdn,8
143,00000a24,8
143,anisak1s,8
143,lawliteqed,8
143,namusanch,8
143,I_am_yukiriron,8
143,nirsmmy,8
143,i_luv_kneesox,8
143,mousike_splat,8
143,chmod_x_akasit,8
143,satop808756861,8
143,nzw1058,8
143,chaso6150,8
143,yuking0505,8
143,mattn_jp,8
143,kazu220_ps,8
143,atom_HeV,8
143,kikiriko200,8
143,YGHTssk,8
143,coo_vvv,8
143,ITF_Q,8
143,mikoto_dev,8
143,seena,8
143,Hayao0819,8
143,0214sh7,8
143,nekotaro,8
143,akka000,8
143,ksattkb,8
143,ssm_c,8
143,axe237,8
143,shiftpsh,8
143,kyoshimine,8
143,_Flying_Hawk_,8
143,kurobee_dev,8
143,03xAn29,8
143,Ra_ghingCoffin,7
144,hotatesan_4gb,7
144,freddi_kit,7
144,rityo_math,7
144,NaokiPadT480,7
144,rana_bot,7
144,gorilla0513,7
144,7danmoroboshi,7
144,7_XC,7
144,3_3_1_3_,7
144,_NakanoPerson_,7
144,nekohachiYS58,7
144,koron_d,7
144,Tech_Kazu,7
144,hiyoctrl,7
144,toliner_,7
144,shift_crops,7
144,UMARU1230,7
144,kochanto,7
144,i18hiromasa,7
144,nanigasi_3,7
144,htnykzk_ww,7
144,shimakaze_soft,7
144,HitsujiRere,7
144,tens_pro,7
144,homesentinel_,7
144,coriandered,7
144,sagiii6,7
144,MiJapan_,7
144,iori_tell,7
144,kjfsm4,7
144,takepansan,7
144,fjord_itf,7
144,kon_cl,7
144,sidabotalpha,7
144,__kemu__19,7
144,l__l_l___ll,7
144,kourin_55,7
144,yuki424zti,7
144,bukkiiJP,7
144,bigzabrty,7
144,n122_nyanpass,7
144,U_phys18,7
144,ERGA0131,7
144,HiPrime_yurusan,7
144,shibaitsuki,7
144,mhkai00731,7
144,rst_quon,7
144,hibiki_cube,7
144,paschen00,7
144,nya3_neko2,7
144,_____unko______,7
144,nor_isio,7
144,azriel1rf,6
145,natsu_Coooool,6
145,ikaro1192,6
145,491mhz,6
145,alphasave1,6
145,jazzKeN855,6
145,MogamiTsuchikaw,6
145,fukuro_hoho,6
145,miiverse_udon,6
145,nozomi_1773,6
145,abap34,6
145,mcddx330,6
145,mikankari_test1,6
145,nasustim,6
145,honeycom_b_,6
145,kyo0802_study,6
145,drib__,6
145,5XL_Fat,6
145,myuray_kosen,6
145,tinykitten8,6
145,KitaMorotsu,6
145,Hans_Robo,6
145,tmk815,6
145,reki_frequent,6
145,Salapator,6
145,telyaino,6
145,_yosotsu,6
145,2357gi,6
145,egpl0_sh,6
145,__yk16__,6
145,Edss_,6
145,pipco,6
145,P3102nagaburo,6
145,geszinnbei,6
145,k_enoki,6
145,Hirashi_Twit,6
145,i4M1k0SU,6
145,KiYugadgeter,6
145,love_as_cat,6
145,FishingKasago_7,6
145,HASH1da1,6
145,keigo3142011,6
145,BonyChops,6
145,myaru_ethanol,6
145,kyanepoyo,6
145,yamasy1549,6
145,SHINOHARATTT,6
145,lIIlIllIIllIlII,6
145,24x60x60,6
145,coffee_kei,6
145,_sotaatos,6
145,kakakaya,6
145,tamosan,6
145,yoshiki__0428,6
145,wakamesoba98,6
145,HK_fatman,6
145,nagashi_ma_w,6
145,4a9gn_int,6
145,kamataryo_,6
145,ConVdeVago,6
145,takuma_koba,6
145,range_v3,6
145,rkunkunr,6
145,Rikito_cure,6
145,axium37,6
145,__nelio__,6
145,tea63,6
145,ryona23,6
145,GravityPresence,6
145,jellyfish_26,6
145,shakayami_,6
145,takanojyou,6
145,N_nNn11111,6
145,_anharu2,6
145,fumi_maker,6
145,phpfucker,5
146,kuro_kuro_0,5
146,termoshtt,5
146,prince__0203,5
146,clomsync,5
146,masyo_ruri,5
146,tia__nn,5
146,donkorin_,5
146,chanLettuce01,5
146,yuseisui,5
146,neuume,5
146,rerenote,5
146,kiyoshifone,5
146,acgn52,5
146,la_float,5
146,zyuer,5
146,Ricotan_Linux,5
146,teslamint,5
146,uekara_mita,5
146,masamasa9841,5
146,yuta0381,5
146,my_pace_sop,5
146,Cz75san,5
146,117603,5
146,323O65281,5
146,alt_sfc18,5
146,gangan_tekoki,5
146,Sean93jpK4_NL,5
146,terorin74,5
146,Nabemanp,5
146,Kory__3,5
146,p41412,5
146,tousitusakura,5
146,Ryu1__1uyR,5
146,nep_pudding3,5
146,nbit0125,5
146,ygkn35034,5
146,yyoshiaki,5
146,kametan0730,5
146,T_V_woltsaska,5
146,goodstoriez,5
146,0x306e,5
146,KDK_Laboratory,5
146,VTR810,5
146,rh2106,5
146,MaripoGoda,5
146,transcode001,5
146,strangeQuom,5
146,s_miyaza,5
146,RGreyPhantasm,5
146,darekasann_zzz,5
146,mongesan2,5
146,tkoyama010,5
146,Makabe_B18CVTEC,5
146,S_i_ZK,5
146,tzik_tack,5
146,SuimezZZ,5
146,hogefuga9876543,5
146,san77roku,5
146,Alfort728,5
146,mpyw,5
146,kure,5
146,N0n5ense,5
146,yuriy183,5
146,3141592aa,5
146,joeokubo,5
146,GmS944y,5
146,ryujisnote,5
146,AbetodeMelones,5
146,arboldemelones,5
146,vio_remon,5
146,ruia_prime,5
146,trencic0atmaf11,5
146,MineCake16130,5
146,CNTR_kp52435_RJ,5
146,kidutituti,5
146,nishi_shio,5
146,YetAnother_yk,5
146,aximov3,5
146,mattyan1053,5
146,aime,5
146,gomazarashie,5
146,LuCielNoblesse,5
146,yu___smith,5
146,ryotkak,5
146,Fumiya_Kume,5
146,Slime_hatena,5
146,D_N_L_T_15,5
146,6e_W1o3O_Q0z2Xp,5
146,tar701,5
146,Lolitta_river,5
146,penerte,5
146,tRue_math,5
146,_citsu_,4
147,conao_3,4
147,sw_djchiffon,4
147,R2t22pE_D,4
147,float168,4
147,mochi_0xFF,4
147,apstndb,4
147,ITolijinal_trip,4
147,book000,4
147,__M4ND__,4
147,schktjm,4
147,lina_linux_77,4
147,9S0_B1,4
147,0day_LaPh,4
147,shinchokuzero,4
147,huequica,4
147,H_H_H_H_H_H_H_7,4
147,Moho_Nisizumi,4
147,nikumann81,4
147,ryutokimura,4
147,h7Icw,4
147,George_Samidare,4
147,yoshi1125hisa,4
147,sio_sazanami,4
147,UED_DEU,4
147,196Ikuchil,4
147,stk_jp,4
147,homerunutuyo,4
147,henkoudekimasu,4
147,takoyakimaruman,4
147,N_ya28,4
147,mochi_mirai,4
147,yasi2_des,4
147,Nperair,4
147,anon5r,4
147,cafecat6503,4
147,samasama76,4
147,01_s_jp,4
147,sampasj,4
147,NNNUMA_KP,4
147,kantarow_,4
147,machingun_814,4
147,New_Tora_Cats,4
147,yosswi414_0,4
147,micachi_net,4
147,utsurigit,4
147,keep_OC,4
147,asangi_a4ac,4
147,Rakan_2525,4
147,Nem_apk,4
147,Nonol_Nol,4
147,toda_sundai,4
147,_Lyrith,4
147,ni9ht_forever,4
147,Ch000Ikura,4
147,Ginnannman,4
147,naaaaaaaaaaaf,4
147,yuma1053,4
147,amanao_,4
147,ken25_nico,4
147,Suzumi_Kurotake,4
147,RangHo_220,4
147,n_hoge_,4
147,Inura_phi,4
147,iwne_,4
147,nurowannx,4
147,e381x,4
147,461O164,4
147,taqenoqo,4
147,kinaphar,4
147,IkiJasu,4
147,rioriost,4
147,tm19284,4
147,r_Te_e,4
147,wpdnndjelqqppdj,4
147,ryoppippi,4
147,dve_vasi,4
147,Si2_tjm,4
147,___freddi___,4
147,yoyR_3501,4
147,gekko_hero,4
147,0505Keitan,4
147,takotarou_kohyo,4
147,mozuku169,4
147,numaf1y,4
147,Hayarrow0315UEC,4
147,haruroid_ex,4
147,sorausa_sirius,4
147,minsebu1,4
147,_SIL1JJ,4
147,mirin_alpha,4
147,YJTheRaccoonDog,4
147,TSK670,4
147,Nessponn_Game,4
147,FuwattoFlower,4
147,omhncjp,4
147,tushily,4
147,yuRi_to_104,4
147,aotake91,4
147,ekn147,4
147,shira_kuma2019,3
148,se_mimizuku,3
148,tehmoshee,3
148,siromitikana,3
148,dogegg,3
148,TakagiTakk,3
148,SublivionMGD,3
148,dangoya3,3
148,gotutiyan_kapi,3
148,p1o1c1k1y,3
148,julialangisthe,3
148,neko_the_shadow,3
148,luoSetiguA,3
148,hwuhxskjq,3
148,R_Grey_Phantasm,3
148,2oo5mc,3
148,_seizen,3
148,Potiii_,3
148,riv_mk,3
148,Wolf_Electronic,3
148,uzumemuzik,3
148,zaltoprofen,3
148,ChameleonO2,3
148,kumakuma_32,3
148,ITF_QSYS,3
148,tsutoringo,3
148,hotta,3
148,shunsoku_hayai,3
148,nobudora101,3
148,sitositositoo,3
148,yokaikaeruotoko,3
148,Haruka2003_exe,3
148,tomatoayane,3
148,Bot_Pull_MonEne,3
148,9cumsu,3
148,rocked_clown,3
148,mamemasa31,3
148,wassan128,3
148,gbn6500,3
148,797573756b654e,3
148,MNUCisZG,3
148,MusizuIwao,3
148,defferentialDDD,3
148,of_o4,3
148,Loyuka_nua2,3
148,miyata080825,3
148,InfantFantasm,3
148,RikuS3n,3
148,ACapandapan,3
148,1919EK_,3
148,mkane_1000,3
148,Huskynekoneko,3
148,iso12800jp,3
148,arthur_foreign,3
148,ma_co_chi,3
148,Matthew238,3
148,wraikny,3
148,Flora_1425,3
148,love_kobato_all,3
148,ttaniguti,3
148,k48AB1000,3
148,cutekinkycyborg,3
148,a_one_of_fan,3
148,0sakaKanjyosen,3
148,MontesVerdes,3
148,CookieRamen,3
148,axjack_,3
148,puripuri2100,3
148,cosine1016,3
148,crolera,3
148,zonoise,3
148,keikoka,3
148,TcQaVDvY4yNHJKq,3
148,p_X1_a,3
148,no_shumi,3
148,_xpf,3
148,kanariya_hoge,3
148,tomoya_shibata,3
148,fufufunaki,3
148,yukinon_1212,3
148,anmitsu_553,3
148,rokukami,3
148,jdkfx,3
148,ta2gch,3
148,shiroemons,3
148,KTHRSM_JRH,3
148,take902,3
148,platypus999,3
148,kyodaisuu,3
148,keyakko,3
148,sshojiro_jp,3
148,MITLicense,3
148,_shamrock1028,3
148,2nd_junkey,3
148,wraikny_,3
148,Sw_Saturn,3
148,_marunomi,3
148,oech3,3
148,amety_um,3
148,misosirutk,3
148,daik_,3
148,ymdsmn_bot,3
148,7hours_sleep,3
148,Krgmn_18782,3
148,tkt989_dev,3
148,get_me_power,3
148,femto_kousei,3
148,keijinozaki,3
148,mugen_1337,3
148,shirasayav5,3
148,tn_cider,3
148,zwxi,3
148,Karen0v01,3
148,eaglesunr,3
148,Ashigara_1015,3
148,428rinsuki,3
148,kamitume_Vkosen,3
148,kyo0802_swim,3
148,vickdogvick666,3
148,rearn499,3
148,meganepikumin,3
148,Fpga18Gansn1230,3
148,thx_following,3
148,k2PgRcz5TIMw0Mv,3
148,stmtk_01,3
148,eromatsuri,3
148,iwaki_haruo,3
148,doridoridoriand,3
148,UmbraNyan,3
148,siito_14,3
148,TEFRymd27,3
148,mokoponi,3
148,yomogi_HYP,3
148,nomunomu0504,3
148,Bi2Sho,3
148,razokulover,3
148,woxjro,3
148,EIA05,3
148,PocVtb,3
148,rigelpain,3
148,Yokohama_train2,3
148,yoooomaruuuu,3
148,takkii,3
148,nemunemu_kkkk,3
148,choco_tappri2,3
148,aruminight1,2
149,jpnykw,2
149,xSesale,2
149,astel4696,2
149,_t_y8,2
149,siriusfox,2
149,shiosefine,2
149,soundcraft6,2
149,mykz_n,2
149,ptrYudai,2
149,RussianBlue25,2
149,ami_GXx,2
149,_yukishir0_,2
149,0810kayo,2
149,itabashi_a,2
149,KoHey94,2
149,ktaros2,2
149,wannabee1985,2
149,06Natsunatsuki,2
149,okayunonaha,2
149,cidr_cuckooo,2
149,stmkza,2
149,mym_ryg,2
149,kouugou,2
149,________l____l_,2
149,Mafiro1984,2
149,yingwoche,2
149,nagi990703,2
149,toshi_kd,2
149,numnum_tako,2
149,shiso_aji,2
149,Matavagabundos,2
149,_nakkaa,2
149,zelphilid,2
149,tachibana_Pato,2
149,tanidais,2
149,adminned,2
149,7pitps,2
149,infragirl755,2
149,Helsinki06_,2
149,Epistem74179187,2
149,comcom1211,2
149,_shouth_kit,2
149,uplus_e10,2
149,nacika_ins,2
149,sa0345,2
149,__pokte__,2
149,kitagas,2
149,myaruru_ethanol,2
149,y0t4,2
149,norezark,2
149,haruyosh,2
149,C_Yachu,2
149,__motojiro__,2
149,hiroga_cc,2
149,AB_Zaurus,2
149,o_rasu9231,2
149,fk1_jp,2
149,manhole14,2
149,try_ymk,2
149,keis_ocha,2
149,jo7oem,2
149,h6akh,2
149,YSRKEN,2
149,men_cotton,2
149,NaoppyJ,2
149,CallMeDued,2
149,661nosyamuzuki,2
149,_oversleep_t,2
149,kimshun09,2
149,aporon_h,2
149,2tfuyu,2
149,akikirinrin,2
149,uedalaboratory,2
149,Northern___,2
149,kim_upsilon,2
149,15stepinrainbow,2
149,yuimyon1017,2
149,_Hoto_Cocoa_,2
149,Lenqth,2
149,Kidocoronex17,2
149,ATH_ray_,2
149,sugar756,2
149,mofmof_hana,2
149,Dev_Sashimi,2
149,KJNLP1,2
149,I_am_keichan,2
149,sobaumai0811,2
149,Lithium_Lilly,2
149,genmai06,2
149,_hijikist_,2
149,Maruru_Killer,2
149,heartade_,2
149,oqn_like_lily,2
149,ando_popopo,2
149,aldehydever2,2
149,loopsandloops25,2
149,kawa1125tp,2
149,haya_action,2
149,the_uhooi,2
149,hgtkHelloworld,2
149,times_kim,2
149,ymm1x,2
149,Hayabusa0512Uec,2
149,lazyperson0710,2
149,_1011x111_,2
149,kawasaki_humika,2
149,Xi_ZheLin,2
149,LElG0,2
149,twitte_noit,2
149,EFarron_vtx,2
149,cocotte_mc33,2
149,aoharu514_2,2
149,utchy007,2
149,eagleutkk,2
149,kyokuheishin,2
149,thdy5,2
149,ruuuuuuuty,2
149,INFL_B,2
149,Kumakenz,2
149,deconstructor61,2
149,silverscat_3,2
149,r_tateshina,2
149,o__g_,2
149,7milch,2
149,S0UL_EXPLOSION,2
149,murataimu,2
149,chikuwapo,2
149,mayopannda,2
149,MCPE_Yossi1114,2
149,NameroDon,2
149,kaiakiy,2
149,pcyamadakun12,2
149,javee,2
149,Pontificex_pt,2
149,direnstat,2
149,Te___24,2
149,aru_yukkuri,2
149,TwilightSuz3266,2
149,mostfamousof,2
149,siromath,2
149,okada_z,2
149,tashima_toru,2
149,tamago_0224,2
149,sat0ma014draft,2
149,problem_196,2
149,Morojenium,2
149,Sta_Light_,2
149,Aizu_skst,2
149,Nishikyo_KU,2
149,croagunk84,2
149,nim1z,2
149,kutc_chess,2
149,blu3mo,2
149,masateruk,2
149,55aa420c,2
149,et_hrn,2
149,KsanKimoi,2
149,RC31E,2
149,makotofalcon,2
149,yopiyama0824,2
149,aoimumu,2
149,C_N_Lundi,2
149,Kirchhoffs_law,2
149,kmed_m,2
149,s4Tk1,2
149,n0b453,2
149,_Hexe_rer_nat__,2
149,t_cha_n,2
149,u2u2u210,2
149,sthtnr,2
149,avn_alt,2
149,kanade_k_1228,2
149,integral_pine,2
149,tomoyat1,2
149,rip3_m,2
149,ag4o4,2
149,sara_xxpyxx,2
149,00091Miyo,2
149,tonepainting,2
149,saruISmonkey,2
149,Chun_Chun_Japan,2
149,hakkyo_s,2
149,Iruk_Nuj,2
149,wgundamzero1,2
149,suugaku_arai,2
149,MaidLain,2
149,_tinoji,2
149,phiro_z,2
149,nwtgck,2
149,munepixyz,2
149,alumina_8,2
149,teru_45p,2
149,10kaoru12,2
149,sudosan,2
149,Shoeshock,2
149,momosuke4989,2
149,takanakahiko,2
149,HO_0520_IT,2
149,And00r_genesis,2
149,taBCXuGv3RkQQQw,2
149,ILoveTw1tter,2
149,kcpoipoi,2
149,sashiming_syumi,1
150,kotarou777775,1
150,warabimochi_gb,1
150,l8iqb9,1
150,parkbearpark,1
150,__ramen,1
150,decent_black,1
150,suemin_jp,1
150,takumi_torus,1
150,xatu0202,1
150,mszk0120,1
150,Kyoko_1128_,1
150,t4nishi,1
150,Desmin_ast,1
150,Fis_moll,1
150,picbookinmymind,1
150,morion1500,1
150,tzn1884,1
150,2525FI_,1
150,ougment,1
150,k4CI6fy,1
150,foxtail_udon,1
150,hayakudesu,1
150,mrmrdpgavpwmq,1
150,moai15jk,1
150,tateishi_blanc,1
150,Ayaragi7755,1
150,takosan_winter,1
150,yuto3048,1
150,_Garamusic17,1
150,Cuverws,1
150,Silnyan_A,1
150,hiropon_sizu_cs,1
150,yukitofu1310,1
150,wataru5123,1
150,gaojie_TKM,1
150,172081,1
150,1818BQ,1
150,eai04191,1
150,benkyou_youday,1
150,Ifailedtheexams,1
150,_tai_shi,1
150,HanneMikkel,1
150,Cos5X,1
150,samunohito,1
150,zyumbik,1
150,hmwakasa,1
150,turezure_w,1
150,ss1ua2zt1us3uki,1
150,P10K4,1
150,uhtter,1
150,cheche_drum,1
150,wing____283,1
150,adda_abw,1
150,dairin007,1
150,kelvin27315,1
150,yshimaco3,1
150,yobidenchie,1
150,zgtk_guri,1
150,bosturbo,1
150,nersonu,1
150,Saku_BB,1
150,reg7777777777,1
150,kgtkr,1
150,ryna4c2e,1
150,_sen59,1
150,ple_0x0,1
150,FU_RAT_O,1
150,HyoUmiusi,1
150,hs6a,1
150,kyouyaP,1
150,nagk05,1
150,R01_G03_Y08,1
150,kaiMcz,1
150,cryptoharumaki,1
150,haru_tank,1
150,pika_sub,1
150,573pn3y141,1
150,ikanag0,1
150,adwareboi,1
150,Osmium_1008,1
150,sean_htch,1
150,wing_zero1998,1
150,attrip,1
150,stm32f1,1
150,erVSODoXDsrKeRJ,1
150,ysdk110,1
150,Sahashi165,1
150,yabeakiopwpr,1
150,last_uron,1
150,tawatawa_sisisi,1
150,Nora_07028,1
150,shisyu_gaku,1
150,Niratama,1
150,Yuk1_T0r11,1
150,DaisukiStage,1
150,malts_0414,1
150,yamasa_330,1
150,Aya_Furusawa,1
150,otsune,1
150,pinkumohikan,1
150,hashimoto_lo,1
150,ageldama,1
150,PM30760970,1
150,iBotamon,1
150,shrn_gg,1
150,pogin503,1
150,oo0sphere0oo,1
150,nobuoki21,1
150,pana_pana_kuma,1
150,YES_SAMA_SHEET,1
150,gimo_me,1
150,Keiu0,1
150,Roy_n_roy,1
150,KojiEji,1
150,akariTDUAJ,1
150,pzt,1
150,EXS_Pudding,1
150,cybrw4r,1
150,haruno8x3,1
150,sakiko_chan,1
150,moongift,1
150,osake_log,1
150,hasegawa_anal3,1
150,hotwatermorning,1
150,mi_so_ka,1
150,zoshigayan,1
150,kyusque,1
150,takehironet,1
150,yuubomber,1
150,Landau_kun,1
150,kodakku14,1
150,kazuhito_m,1
150,hyper0dietter,1
150,utisam,1
150,donaldtorvalds,1
150,ossltmjhfi,1
150,everydaymatcha,1
150,poyothon,1
150,Teraterayuki25,1
150,PotyaExe,1
150,mifumo_081A,1
150,pockro492,1
150,HlBIKI,1
150,Fuji_oryz_robot,1
150,favoPushMan,1
150,miomio_mma,1
150,Miuwi_,1
150,kouwasi,1
150,D05E1,1
150,_keihino,1
150,kaspar_lueder,1
150,ko1123581321,1
150,_serinuntius,1
150,ancientai_,1
150,kottn_jp,1
150,katonux,1
150,kodai100_tw,1
150,milchcocoa,1
150,0x6d61,1
150,rioch2000,1
150,srn221B,1
150,McDonaldsJapan,1
150,newspaper_snbn,1
150,nikun_sub,1
150,tasai725,1
150,Huawei_1128,1
150,ownway9,1
150,putio_,1
150,yakiniku_roseta,1
150,amineko1111,1
150,odekakena_ko,1
150,mana_cat,1
150,wa1t_sush1,1
150,MinatooKy,1
150,ksaikix,1
150,18collectors,1
150,Satoooon1024,1
150,sixyoka_,1
150,oninameko,1
150,sciencelike,1
150,__ukun,1
150,shin_okamatsu,1
150,____reiwa___,1
150,asterisk9101,1
150,destro_yer_knsk,1
150,Tsunderemegane,1
150,hanamasa0201,1
150,giltnum,1
150,Louis_Marfan,1
150,Chataro0,1
150,honapay5208,1
150,keshinomi_88pro,1
150,32ba__,1
150,cryptomamiya,1
150,nk2is,1
150,Satsuki_AruruP,1
150,nulltic,1
150,D_mans_sky,1
150,YOSHIKI_sonshi,1
150,kuwas_h,1
150,rioil_,1
150,jabh13157,1
150,AKImin011,1
150,Zaakori_,1
150,syadobadaisukix,1
150,on_the_indian,1
150,rucola_ac_ver2,1
150,whitefffff,1
150,Polacanthus,1
150,shinkwhek4,1
150,uminek_ooo,1
150,makotokaga,1
150,deluwater,1
150,nexus_106,1
150,com_gunzi,1
150,dosscargon,1
150,tmk_k0518,1
150,chor_kai_chan,1
150,Euglenese,1
150,moonboring2200G,1
150,NumAniCloud,1
150,0xomochi,1
150,osashimi43,1
150,thiqxis,1
150,myo_syu,1
150,yuchiki1000yen,1
150,shun_shobon,1
150,smdhogehoge,1
150,MAEA_2,1
150,nang9oo,1
150,taniho_0707,1
150,sys9kdr,1
150,ibuki2003,1
150,ma5aki__,1
150,38mo1,1
150,HundertSteine,1
150,masoetha_es,1
150,canary_kurifuzi,1
150,1919JK_,1
150,Ryohei_Y_0109,1
150,nobclarinet,1
150,pullMave,1
150,29837381a,1
150,5g_5c,1
150,ss_neet,1
150,kicalp,1
150,uni_okayama,1
150,1q8,1
150,taikoyaP,1
150,Kumagoro_Ushi,1
150,RF_Hack,1
150,chigakuishi,1
150,_reikx,1
150,qothr,1
150,whoami_1101965,1
150,NakadEngineer,1
150,rustlegacywhen,1
150,KensukeSaitoCI1,1
150,JujujuMr,1
150,mytrashing,1
150,pixza_Yaoita,1
150,doramanjyu,1
150,sinDo0803,1
150,zawaru3,1
150,sirosiromakku,1
150,ymrkm,1
150,nuko274,1
150,sakushiro,1
150,helyeah14,1
150,okudaira3rd,1
150,komuginookashi,1
150,n3_x,1
150,mapper_py,1
150,null_ref_eng,1
150,tofuxxx1,1
150,crow_nnct,1
150,woody_egg,1
150,kazuhikoh_,1
150,Onusuke,1
150,yowootaku,1
150,nymwa,1
150,CsF_kemi,1
150,satoru_hobbes,1
150,EOYlcjIU0gtziJ8,1
150,vitaiwnl,1
150,issyurn,1
150,Oil_King_Net,1
150,dolyplpl,1
150,fuchamii,1
150,sunao417,1
150,U_wssf,1
150,krn251,1
150,Rytaryu,1
150,beacon_let,1
150,Kyure_A,1
150,__clang__,1
150,ITF_azai,1
150,sasasin_net,1
150,skzry,1
150,Bi2sh0,1
150,nzws_me,1
150,69262,1
150,furyuuzin,1
150,DJPIE1337,1
150,4_va6,1
150,Sp4cG00dR1ch,1
150,glottu,1
150,yars81,1
150,kurgm,1
150,cris_fdzb,1
150,satoazu_sp,1
150,c0ee,1
150,Lan_8beat,1
150,PuyoPuyo_326,1
150,5ebec,1
150,TheNamesSpike,1
150,hoppy_hoda_0616,1
150,swawa_yu,1
150,hamashin2602,1
150,romanov_wizard,1
150,ysmreg,1
150,SEITASHACHO,1
150,alphaRomeo323,1
150,5sPgm,1
150,74_affogato,1
150,TLE_maker,1
150,no1zy_sec,1
150,maison_ebi,1
150,Ftmc_,1
150,takax3_M,1
150,Nixa_09,1
150,Kanki2rui,1
150,to___su,1
150,fairy_lettuce,1
150,toof_jp,1
150,Artwarect030,1
150,youkanyukari,1
150,daidai1025x,1
150,_Dissemtle,1
150,tanakh,1
150,GONBEEE_project,1
150,GONDOLA1_EXE,1
150,yuki013_,1
150,Dora_amz,1
150,KappaBull,1
150,shibanyan_1,1
150,hummer,1
150,mkoizumi9,1
150,bear_illust,1
150,takobaya391076,1
150,suzushiroz,1
150,peeyyyyyyyyy,1
150,nano_poteto,1
150,kppprii14,1
150,Yana_023_,1
150,fal_rnd,1
150,inaenomaki,1
150,destroyer_knsk,1
150,Y_MITSUBOSHI,1
150,XAi4j,1
150,eq__s,1
150,iTechNKN,1
150,public_yusuke,1
150,KIM_TPDN,1
150,o_suitashi_bot,1
150,star_gay_chinpo,1
150,E3_Sentry,1
150,ronorono_45,1
150,_ich_ika_,1
150,nekosamurai411,1
150,Chige12_,1
150,necomal299,1
150,tmpk114514,1
150,masutango18,1
150,post_kct,1
150,fiji_yuki,1
150,i_s_s_y____,1
150,at5240tsukawana,1
150,RunningOutRate,1
150,bloomtherose,1
150,libnumaf1y,1
150,skjune12,1
150,namachan10777,1
150,resessh7,1
150,370kum,1
150,pro8na_82,1
150,wagahaiwanekod7,1
150,takioooon,1
150,canopoyo,1
150,__KasSA,1
150,yangniao23,1
150,hatsuniki,1
150,umekichi206,1
150,opuocu_curry,1
150,mitaketti,1
150,Totti95U,1
150,knknkn26918,1
150,ITF_village,1
150,____muusan,1
150,eru_java,1
150,iteccchuu,1
150,7un023m1,1
150,atomosphere,1
150,tkancf,1
150,acryloshobonile,1
150,tanyorg,1
150,ssdokusha,1
150,keishi46646787,1
150,j0hnta0,1
150,moudameyan,1
150,ramradow,1
150,kymn_,1
150,Ssuke1230,1
150,znrk,1
150,d0ra1998,1
150,nekopunch_pk,1
150,openforbro,1
